order_item_id,order_id,product_id,quantity,unit_price,cost_price,line_total
1,1,1,3,25.0,9.0,75.0
2,2,5,1,35.0,14.0,35.0
3,2,6,1,22.0,8.0,22.0
4,3,1,2,25.0,9.0,50.0
5,3,3,2,28.0,11.0,56.0
6,3,2,1,32.0,12.0,32.0
7,4,2,4,32.0,12.0,128.0
8,4,6,3,22.0,8.0,66.0
9,5,4,1,18.0,6.0,18.0
10,5,2,2,32.0,12.0,64.0
11,6,2,3,32.0,12.0,96.0
12,7,2,1,32.0,12.0,32.0
13,7,1,1,25.0,9.0,25.0
14,7,6,1,22.0,8.0,22.0
15,8,5,1,35.0,14.0,35.0
16,9,3,1,28.0,11.0,28.0
17,10,5,4,35.0,14.0,140.0
18,11,4,1,18.0,6.0,18.0
19,12,6,1,22.0,8.0,22.0
20,12,2,3,32.0,12.0,96.0
21,12,3,3,28.0,11.0,84.0
22,13,5,1,35.0,14.0,35.0
23,13,3,2,28.0,11.0,56.0
24,13,4,2,18.0,6.0,36.0
25,14,2,2,32.0,12.0,64.0
26,14,5,1,35.0,14.0,35.0
27,15,5,2,35.0,14.0,70.0
28,16,6,1,22.0,8.0,22.0
29,16,2,2,32.0,12.0,64.0
30,16,1,2,25.0,9.0,50.0
31,17,2,1,32.0,12.0,32.0
32,18,1,1,25.0,9.0,25.0
33,18,4,2,18.0,6.0,36.0
34,19,2,2,32.0,12.0,64.0
35,20,4,3,18.0,6.0,54.0
36,20,2,2,32.0,12.0,64.0
37,20,5,1,35.0,14.0,35.0
38,21,4,2,18.0,6.0,36.0
39,22,5,3,35.0,14.0,105.0
40,22,6,1,22.0,8.0,22.0
41,22,4,3,18.0,6.0,54.0
42,23,6,1,22.0,8.0,22.0
43,24,1,2,25.0,9.0,50.0
44,25,2,1,32.0,12.0,32.0
45,25,6,2,22.0,8.0,44.0
46,26,4,1,18.0,6.0,18.0
47,27,6,3,22.0,8.0,66.0
48,27,1,2,25.0,9.0,50.0
49,28,4,2,18.0,6.0,36.0
50,28,5,1,35.0,14.0,35.0
51,29,4,1,18.0,6.0,18.0
52,30,4,4,18.0,6.0,72.0
53,30,2,1,32.0,12.0,32.0
54,31,1,1,25.0,9.0,25.0
55,32,4,2,18.0,6.0,36.0
56,32,3,3,28.0,11.0,84.0
57,33,3,2,28.0,11.0,56.0
58,33,2,2,32.0,12.0,64.0
59,34,1,2,25.0,9.0,50.0
60,35,2,2,32.0,12.0,64.0
61,35,4,2,18.0,6.0,36.0
62,36,2,1,32.0,12.0,32.0
63,36,3,1,28.0,11.0,28.0
64,37,6,1,22.0,8.0,22.0
65,38,3,3,28.0,11.0,84.0
66,39,1,1,25.0,9.0,25.0
67,39,3,2,28.0,11.0,56.0
68,40,3,2,28.0,11.0,56.0
69,41,5,4,35.0,14.0,140.0
70,42,4,3,18.0,6.0,54.0
71,43,1,3,25.0,9.0,75.0
72,43,3,1,28.0,11.0,28.0
73,44,3,1,28.0,11.0,28.0
74,45,5,2,35.0,14.0,70.0
75,46,2,2,32.0,12.0,64.0
76,47,6,1,22.0,8.0,22.0
77,48,2,1,32.0,12.0,32.0
78,49,6,2,22.0,8.0,44.0
79,50,1,2,25.0,9.0,50.0
80,51,2,1,32.0,12.0,32.0
81,51,6,1,22.0,8.0,22.0
82,52,1,1,25.0,9.0,25.0
83,52,2,1,32.0,12.0,32.0
84,53,1,2,25.0,9.0,50.0
85,54,1,2,25.0,9.0,50.0
86,54,6,1,22.0,8.0,22.0
87,55,4,1,18.0,6.0,18.0
88,56,1,1,25.0,9.0,25.0
89,56,2,2,32.0,12.0,64.0
90,57,5,2,35.0,14.0,70.0
91,57,2,1,32.0,12.0,32.0
92,58,5,1,35.0,14.0,35.0
93,59,3,1,28.0,11.0,28.0
94,59,1,1,25.0,9.0,25.0
95,60,4,1,18.0,6.0,18.0
96,60,3,1,28.0,11.0,28.0
97,61,3,2,28.0,11.0,56.0
98,61,5,3,35.0,14.0,105.0
99,62,2,1,32.0,12.0,32.0
100,62,1,1,25.0,9.0,25.0
101,62,5,2,35.0,14.0,70.0
102,63,6,3,22.0,8.0,66.0
103,63,4,1,18.0,6.0,18.0
104,64,6,1,22.0,8.0,22.0
105,64,3,1,28.0,11.0,28.0
106,64,5,2,35.0,14.0,70.0
107,65,3,1,28.0,11.0,28.0
108,65,5,2,35.0,14.0,70.0
109,66,5,1,35.0,14.0,35.0
110,67,3,1,28.0,11.0,28.0
111,68,3,3,28.0,11.0,84.0
112,68,4,2,18.0,6.0,36.0
113,69,4,2,18.0,6.0,36.0
114,69,5,1,35.0,14.0,35.0
115,69,1,1,25.0,9.0,25.0
116,70,4,2,18.0,6.0,36.0
117,71,6,1,22.0,8.0,22.0
118,72,2,1,32.0,12.0,32.0
119,73,1,2,25.0,9.0,50.0
120,73,4,1,18.0,6.0,18.0
121,73,6,3,22.0,8.0,66.0
122,74,4,1,18.0,6.0,18.0
123,75,1,1,25.0,9.0,25.0
124,76,3,1,28.0,11.0,28.0
125,76,1,1,25.0,9.0,25.0
126,77,4,1,18.0,6.0,18.0
127,77,5,2,35.0,14.0,70.0
128,77,6,1,22.0,8.0,22.0
129,78,5,1,35.0,14.0,35.0
130,78,4,2,18.0,6.0,36.0
131,79,4,1,18.0,6.0,18.0
132,79,6,1,22.0,8.0,22.0
133,79,2,1,32.0,12.0,32.0
134,80,1,3,25.0,9.0,75.0
135,80,5,1,35.0,14.0,35.0
136,81,3,1,28.0,11.0,28.0
137,82,6,3,22.0,8.0,66.0
138,83,4,2,18.0,6.0,36.0
139,83,5,1,35.0,14.0,35.0
140,83,1,2,25.0,9.0,50.0
141,84,6,2,22.0,8.0,44.0
142,85,1,1,25.0,9.0,25.0
143,85,3,1,28.0,11.0,28.0
144,85,6,1,22.0,8.0,22.0
145,86,4,2,18.0,6.0,36.0
146,86,5,1,35.0,14.0,35.0
147,87,3,2,28.0,11.0,56.0
148,88,2,1,32.0,12.0,32.0
149,88,1,1,25.0,9.0,25.0
150,89,4,1,18.0,6.0,18.0
151,89,3,1,28.0,11.0,28.0
152,90,3,4,28.0,11.0,112.0
153,91,5,3,35.0,14.0,105.0
154,92,3,2,28.0,11.0,56.0
155,92,2,1,32.0,12.0,32.0
156,93,6,2,22.0,8.0,44.0
157,93,2,3,32.0,12.0,96.0
158,94,6,1,22.0,8.0,22.0
159,94,2,1,32.0,12.0,32.0
160,95,3,1,28.0,11.0,28.0
161,95,5,1,35.0,14.0,35.0
162,96,1,1,25.0,9.0,25.0
163,96,4,4,18.0,6.0,72.0
164,96,6,3,22.0,8.0,66.0
165,97,3,2,28.0,11.0,56.0
166,97,1,1,25.0,9.0,25.0
167,98,3,1,28.0,11.0,28.0
168,98,5,2,35.0,14.0,70.0
169,99,5,1,35.0,14.0,35.0
170,100,6,2,22.0,8.0,44.0
171,100,3,1,28.0,11.0,28.0
172,101,1,1,25.0,9.0,25.0
173,102,6,1,22.0,8.0,22.0
174,102,5,2,35.0,14.0,70.0
175,103,5,3,35.0,14.0,105.0
176,103,4,1,18.0,6.0,18.0
177,104,3,1,28.0,11.0,28.0
178,105,1,1,25.0,9.0,25.0
179,105,4,4,18.0,6.0,72.0
180,106,6,2,22.0,8.0,44.0
181,107,5,3,35.0,14.0,105.0
182,107,2,2,32.0,12.0,64.0
183,107,1,2,25.0,9.0,50.0
184,108,3,4,28.0,11.0,112.0
185,108,2,1,32.0,12.0,32.0
186,109,2,2,32.0,12.0,64.0
187,110,5,2,35.0,14.0,70.0
188,110,1,1,25.0,9.0,25.0
189,111,2,3,32.0,12.0,96.0
190,112,3,2,28.0,11.0,56.0
191,112,4,1,18.0,6.0,18.0
192,113,6,3,22.0,8.0,66.0
193,114,2,1,32.0,12.0,32.0
194,115,5,1,35.0,14.0,35.0
195,116,5,1,35.0,14.0,35.0
196,116,2,3,32.0,12.0,96.0
197,117,3,1,28.0,11.0,28.0
198,117,4,1,18.0,6.0,18.0
199,118,1,1,25.0,9.0,25.0
200,119,1,2,25.0,9.0,50.0
201,120,6,3,22.0,8.0,66.0
202,121,5,1,35.0,14.0,35.0
203,121,3,1,28.0,11.0,28.0
204,121,6,1,22.0,8.0,22.0
205,122,3,2,28.0,11.0,56.0
206,122,1,2,25.0,9.0,50.0
207,123,6,1,22.0,8.0,22.0
208,123,5,3,35.0,14.0,105.0
209,124,3,1,28.0,11.0,28.0
210,124,6,3,22.0,8.0,66.0
211,125,1,2,25.0,9.0,50.0
212,125,6,1,22.0,8.0,22.0
213,126,3,2,28.0,11.0,56.0
214,127,1,1,25.0,9.0,25.0
215,128,2,2,32.0,12.0,64.0
216,129,5,1,35.0,14.0,35.0
217,129,4,1,18.0,6.0,18.0
218,130,3,3,28.0,11.0,84.0
219,131,1,1,25.0,9.0,25.0
220,132,5,3,35.0,14.0,105.0
221,132,6,3,22.0,8.0,66.0
222,133,1,3,25.0,9.0,75.0
223,134,3,1,28.0,11.0,28.0
224,134,1,4,25.0,9.0,100.0
225,135,3,1,28.0,11.0,28.0
226,135,1,1,25.0,9.0,25.0
227,136,3,2,28.0,11.0,56.0
228,137,1,1,25.0,9.0,25.0
229,137,5,3,35.0,14.0,105.0
230,138,2,1,32.0,12.0,32.0
231,138,1,1,25.0,9.0,25.0
232,139,4,2,18.0,6.0,36.0
233,139,5,1,35.0,14.0,35.0
234,140,3,1,28.0,11.0,28.0
235,140,6,1,22.0,8.0,22.0
236,140,2,2,32.0,12.0,64.0
237,141,4,1,18.0,6.0,18.0
238,142,1,1,25.0,9.0,25.0
239,142,5,2,35.0,14.0,70.0
240,142,4,2,18.0,6.0,36.0
241,143,5,1,35.0,14.0,35.0
242,144,3,1,28.0,11.0,28.0
243,144,1,1,25.0,9.0,25.0
244,145,5,1,35.0,14.0,35.0
245,145,2,3,32.0,12.0,96.0
246,146,6,2,22.0,8.0,44.0
247,147,3,2,28.0,11.0,56.0
248,148,3,4,28.0,11.0,112.0
249,148,6,2,22.0,8.0,44.0
250,149,4,2,18.0,6.0,36.0
251,150,6,1,22.0,8.0,22.0
252,150,5,2,35.0,14.0,70.0
253,151,2,1,32.0,12.0,32.0
254,152,1,1,25.0,9.0,25.0
255,153,5,2,35.0,14.0,70.0
256,153,1,3,25.0,9.0,75.0
257,154,6,2,22.0,8.0,44.0
258,155,4,1,18.0,6.0,18.0
259,155,5,2,35.0,14.0,70.0
260,156,4,2,18.0,6.0,36.0
261,156,2,2,32.0,12.0,64.0
262,156,3,1,28.0,11.0,28.0
263,157,2,3,32.0,12.0,96.0
264,157,5,1,35.0,14.0,35.0
265,157,6,1,22.0,8.0,22.0
266,158,1,1,25.0,9.0,25.0
267,158,3,1,28.0,11.0,28.0
268,159,2,3,32.0,12.0,96.0
269,160,5,1,35.0,14.0,35.0
270,161,1,3,25.0,9.0,75.0
271,162,4,2,18.0,6.0,36.0
272,163,1,1,25.0,9.0,25.0
273,163,6,3,22.0,8.0,66.0
274,164,3,1,28.0,11.0,28.0
275,165,4,1,18.0,6.0,18.0
276,165,1,3,25.0,9.0,75.0
277,166,6,1,22.0,8.0,22.0
278,166,2,1,32.0,12.0,32.0
279,167,1,4,25.0,9.0,100.0
280,167,5,1,35.0,14.0,35.0
281,168,6,1,22.0,8.0,22.0
282,169,3,2,28.0,11.0,56.0
283,169,2,2,32.0,12.0,64.0
284,170,3,3,28.0,11.0,84.0
285,171,4,1,18.0,6.0,18.0
286,171,2,2,32.0,12.0,64.0
287,171,5,1,35.0,14.0,35.0
288,172,3,1,28.0,11.0,28.0
289,173,2,1,32.0,12.0,32.0
290,173,3,2,28.0,11.0,56.0
291,174,4,2,18.0,6.0,36.0
292,174,6,3,22.0,8.0,66.0
293,175,5,1,35.0,14.0,35.0
294,176,2,1,32.0,12.0,32.0
295,176,5,1,35.0,14.0,35.0
296,177,3,1,28.0,11.0,28.0
297,177,4,3,18.0,6.0,54.0
298,178,1,2,25.0,9.0,50.0
299,178,6,1,22.0,8.0,22.0
300,179,2,1,32.0,12.0,32.0
301,179,5,1,35.0,14.0,35.0
302,179,4,2,18.0,6.0,36.0
303,180,6,3,22.0,8.0,66.0
304,180,4,1,18.0,6.0,18.0
305,181,3,2,28.0,11.0,56.0
306,182,5,1,35.0,14.0,35.0
307,183,2,1,32.0,12.0,32.0
308,183,5,3,35.0,14.0,105.0
309,184,6,1,22.0,8.0,22.0
310,185,6,1,22.0,8.0,22.0
311,185,3,1,28.0,11.0,28.0
312,185,1,1,25.0,9.0,25.0
313,186,3,1,28.0,11.0,28.0
314,186,5,4,35.0,14.0,140.0
315,187,3,3,28.0,11.0,84.0
316,187,4,2,18.0,6.0,36.0
317,188,6,2,22.0,8.0,44.0
318,188,4,3,18.0,6.0,54.0
319,188,5,1,35.0,14.0,35.0
320,189,2,2,32.0,12.0,64.0
321,189,5,1,35.0,14.0,35.0
322,190,1,1,25.0,9.0,25.0
323,191,3,1,28.0,11.0,28.0
324,191,1,4,25.0,9.0,100.0
325,191,6,1,22.0,8.0,22.0
326,192,5,1,35.0,14.0,35.0
327,192,6,2,22.0,8.0,44.0
328,193,1,1,25.0,9.0,25.0
329,193,6,2,22.0,8.0,44.0
330,193,5,2,35.0,14.0,70.0
331,194,4,1,18.0,6.0,18.0
332,194,5,4,35.0,14.0,140.0
333,195,1,2,25.0,9.0,50.0
334,196,5,1,35.0,14.0,35.0
335,197,4,1,18.0,6.0,18.0
336,197,2,1,32.0,12.0,32.0
337,197,3,1,28.0,11.0,28.0
338,198,3,3,28.0,11.0,84.0
339,199,2,1,32.0,12.0,32.0
340,199,3,1,28.0,11.0,28.0
341,199,5,4,35.0,14.0,140.0
342,200,4,1,18.0,6.0,18.0
343,201,4,2,18.0,6.0,36.0
344,202,1,1,25.0,9.0,25.0
345,202,4,1,18.0,6.0,18.0
346,203,5,2,35.0,14.0,70.0
347,204,5,3,35.0,14.0,105.0
348,204,3,2,28.0,11.0,56.0
349,205,3,2,28.0,11.0,56.0
350,206,2,2,32.0,12.0,64.0
351,207,5,1,35.0,14.0,35.0
352,207,2,2,32.0,12.0,64.0
353,208,5,1,35.0,14.0,35.0
354,208,3,1,28.0,11.0,28.0
355,209,3,2,28.0,11.0,56.0
356,209,6,4,22.0,8.0,88.0
357,210,1,1,25.0,9.0,25.0
358,210,5,4,35.0,14.0,140.0
359,211,5,2,35.0,14.0,70.0
360,212,2,2,32.0,12.0,64.0
361,212,1,2,25.0,9.0,50.0
362,213,2,1,32.0,12.0,32.0
363,214,6,2,22.0,8.0,44.0
364,214,1,1,25.0,9.0,25.0
365,215,3,1,28.0,11.0,28.0
366,215,2,1,32.0,12.0,32.0
367,216,6,2,22.0,8.0,44.0
368,216,3,1,28.0,11.0,28.0
369,217,3,2,28.0,11.0,56.0
370,217,6,1,22.0,8.0,22.0
371,217,2,1,32.0,12.0,32.0
372,218,5,2,35.0,14.0,70.0
373,219,2,1,32.0,12.0,32.0
374,220,6,1,22.0,8.0,22.0
375,220,3,3,28.0,11.0,84.0
376,220,4,1,18.0,6.0,18.0
377,221,5,1,35.0,14.0,35.0
378,222,1,1,25.0,9.0,25.0
379,222,2,2,32.0,12.0,64.0
380,223,4,2,18.0,6.0,36.0
381,223,6,1,22.0,8.0,22.0
382,223,2,1,32.0,12.0,32.0
383,224,5,3,35.0,14.0,105.0
384,224,1,1,25.0,9.0,25.0
385,225,4,1,18.0,6.0,18.0
386,226,1,3,25.0,9.0,75.0
387,226,3,1,28.0,11.0,28.0
388,226,6,1,22.0,8.0,22.0
389,227,5,1,35.0,14.0,35.0
390,228,6,2,22.0,8.0,44.0
391,228,3,1,28.0,11.0,28.0
392,229,2,3,32.0,12.0,96.0
393,229,5,3,35.0,14.0,105.0
394,230,2,1,32.0,12.0,32.0
395,231,3,4,28.0,11.0,112.0
396,232,6,1,22.0,8.0,22.0
397,232,2,1,32.0,12.0,32.0
398,233,6,2,22.0,8.0,44.0
399,233,3,3,28.0,11.0,84.0
400,233,1,1,25.0,9.0,25.0
401,234,6,1,22.0,8.0,22.0
402,235,2,3,32.0,12.0,96.0
403,235,5,1,35.0,14.0,35.0
404,236,1,3,25.0,9.0,75.0
405,236,5,1,35.0,14.0,35.0
406,237,6,1,22.0,8.0,22.0
407,238,1,1,25.0,9.0,25.0
408,239,6,2,22.0,8.0,44.0
409,239,3,1,28.0,11.0,28.0
410,240,4,1,18.0,6.0,18.0
411,241,4,1,18.0,6.0,18.0
412,241,1,2,25.0,9.0,50.0
413,241,3,2,28.0,11.0,56.0
414,242,4,1,18.0,6.0,18.0
415,242,6,4,22.0,8.0,88.0
416,242,5,3,35.0,14.0,105.0
417,243,4,2,18.0,6.0,36.0
418,243,5,1,35.0,14.0,35.0
419,243,2,1,32.0,12.0,32.0
420,244,4,3,18.0,6.0,54.0
421,245,6,2,22.0,8.0,44.0
422,246,1,1,25.0,9.0,25.0
423,246,2,1,32.0,12.0,32.0
424,247,2,1,32.0,12.0,32.0
425,247,1,1,25.0,9.0,25.0
426,247,4,2,18.0,6.0,36.0
427,248,6,2,22.0,8.0,44.0
428,249,3,3,28.0,11.0,84.0
429,250,5,3,35.0,14.0,105.0
430,251,6,2,22.0,8.0,44.0
431,252,3,1,28.0,11.0,28.0
432,253,6,1,22.0,8.0,22.0
433,254,5,1,35.0,14.0,35.0
434,254,6,1,22.0,8.0,22.0
435,254,2,1,32.0,12.0,32.0
436,255,6,3,22.0,8.0,66.0
437,256,1,3,25.0,9.0,75.0
438,256,2,2,32.0,12.0,64.0
439,257,3,3,28.0,11.0,84.0
440,257,1,4,25.0,9.0,100.0
441,257,2,1,32.0,12.0,32.0
442,258,2,2,32.0,12.0,64.0
443,259,3,1,28.0,11.0,28.0
444,259,6,3,22.0,8.0,66.0
445,260,3,3,28.0,11.0,84.0
446,261,6,1,22.0,8.0,22.0
447,261,2,3,32.0,12.0,96.0
448,261,1,2,25.0,9.0,50.0
449,262,2,1,32.0,12.0,32.0
450,263,4,1,18.0,6.0,18.0
451,263,6,2,22.0,8.0,44.0
452,264,5,4,35.0,14.0,140.0
453,265,6,1,22.0,8.0,22.0
454,265,1,3,25.0,9.0,75.0
455,265,5,1,35.0,14.0,35.0
456,266,5,2,35.0,14.0,70.0
457,267,1,1,25.0,9.0,25.0
458,267,6,1,22.0,8.0,22.0
459,268,2,3,32.0,12.0,96.0
460,268,1,1,25.0,9.0,25.0
461,269,4,1,18.0,6.0,18.0
462,270,3,2,28.0,11.0,56.0
463,270,1,3,25.0,9.0,75.0
464,271,6,1,22.0,8.0,22.0
465,272,3,4,28.0,11.0,112.0
466,272,5,4,35.0,14.0,140.0
467,273,5,1,35.0,14.0,35.0
468,273,4,1,18.0,6.0,18.0
469,273,3,3,28.0,11.0,84.0
470,274,1,2,25.0,9.0,50.0
471,274,2,2,32.0,12.0,64.0
472,274,5,1,35.0,14.0,35.0
473,275,4,1,18.0,6.0,18.0
474,275,5,2,35.0,14.0,70.0
475,276,6,4,22.0,8.0,88.0
476,277,5,2,35.0,14.0,70.0
477,278,3,2,28.0,11.0,56.0
478,279,4,1,18.0,6.0,18.0
479,279,2,2,32.0,12.0,64.0
480,279,6,2,22.0,8.0,44.0
481,280,6,2,22.0,8.0,44.0
482,280,2,1,32.0,12.0,32.0
483,281,3,1,28.0,11.0,28.0
484,282,4,1,18.0,6.0,18.0
485,282,1,1,25.0,9.0,25.0
486,283,1,1,25.0,9.0,25.0
487,283,3,1,28.0,11.0,28.0
488,283,4,3,18.0,6.0,54.0
489,284,3,1,28.0,11.0,28.0
490,285,3,3,28.0,11.0,84.0
491,285,6,2,22.0,8.0,44.0
492,286,1,3,25.0,9.0,75.0
493,287,4,3,18.0,6.0,54.0
494,287,3,3,28.0,11.0,84.0
495,287,6,4,22.0,8.0,88.0
496,288,3,1,28.0,11.0,28.0
497,289,4,2,18.0,6.0,36.0
498,289,5,1,35.0,14.0,35.0
499,290,5,1,35.0,14.0,35.0
500,291,6,1,22.0,8.0,22.0
501,292,1,2,25.0,9.0,50.0
502,292,4,1,18.0,6.0,18.0
503,293,4,1,18.0,6.0,18.0
504,293,1,2,25.0,9.0,50.0
505,294,6,2,22.0,8.0,44.0
506,294,4,1,18.0,6.0,18.0
507,294,1,3,25.0,9.0,75.0
508,295,6,1,22.0,8.0,22.0
509,295,3,2,28.0,11.0,56.0
510,296,3,4,28.0,11.0,112.0
511,297,5,2,35.0,14.0,70.0
512,297,6,2,22.0,8.0,44.0
513,298,5,1,35.0,14.0,35.0
514,298,2,1,32.0,12.0,32.0
515,299,6,1,22.0,8.0,22.0
516,300,6,2,22.0,8.0,44.0
517,301,1,2,25.0,9.0,50.0
518,301,3,2,28.0,11.0,56.0
519,302,2,1,32.0,12.0,32.0
520,303,2,1,32.0,12.0,32.0
521,304,2,2,32.0,12.0,64.0
522,304,4,1,18.0,6.0,18.0
523,305,1,1,25.0,9.0,25.0
524,305,5,3,35.0,14.0,105.0
525,306,4,1,18.0,6.0,18.0
526,307,1,1,25.0,9.0,25.0
527,308,3,2,28.0,11.0,56.0
528,308,5,2,35.0,14.0,70.0
529,309,2,1,32.0,12.0,32.0
530,310,4,2,18.0,6.0,36.0
531,311,2,1,32.0,12.0,32.0
532,312,3,1,28.0,11.0,28.0
533,312,1,1,25.0,9.0,25.0
534,313,6,1,22.0,8.0,22.0
535,314,1,2,25.0,9.0,50.0
536,315,2,2,32.0,12.0,64.0
537,315,4,2,18.0,6.0,36.0
538,316,5,3,35.0,14.0,105.0
539,317,1,3,25.0,9.0,75.0
540,317,2,1,32.0,12.0,32.0
541,317,3,1,28.0,11.0,28.0
542,318,2,2,32.0,12.0,64.0
543,318,5,3,35.0,14.0,105.0
544,319,2,2,32.0,12.0,64.0
545,319,1,1,25.0,9.0,25.0
546,320,3,1,28.0,11.0,28.0
547,320,5,3,35.0,14.0,105.0
548,321,1,3,25.0,9.0,75.0
549,321,3,1,28.0,11.0,28.0
550,322,6,1,22.0,8.0,22.0
551,323,4,1,18.0,6.0,18.0
552,324,3,1,28.0,11.0,28.0
553,324,6,1,22.0,8.0,22.0
554,325,6,2,22.0,8.0,44.0
555,325,4,2,18.0,6.0,36.0
556,326,4,3,18.0,6.0,54.0
557,327,5,1,35.0,14.0,35.0
558,328,4,1,18.0,6.0,18.0
559,329,4,1,18.0,6.0,18.0
560,330,3,1,28.0,11.0,28.0
561,331,2,2,32.0,12.0,64.0
562,331,1,2,25.0,9.0,50.0
563,331,4,2,18.0,6.0,36.0
564,332,1,1,25.0,9.0,25.0
565,333,3,3,28.0,11.0,84.0
566,334,4,1,18.0,6.0,18.0
567,335,2,2,32.0,12.0,64.0
568,335,4,2,18.0,6.0,36.0
569,335,6,1,22.0,8.0,22.0
570,336,2,2,32.0,12.0,64.0
571,337,2,1,32.0,12.0,32.0
572,338,3,1,28.0,11.0,28.0
573,338,4,1,18.0,6.0,18.0
574,339,6,1,22.0,8.0,22.0
575,339,5,3,35.0,14.0,105.0
576,340,5,1,35.0,14.0,35.0
577,341,2,1,32.0,12.0,32.0
578,341,4,1,18.0,6.0,18.0
579,342,3,1,28.0,11.0,28.0
580,342,6,3,22.0,8.0,66.0
581,342,2,1,32.0,12.0,32.0
582,343,2,1,32.0,12.0,32.0
583,344,6,1,22.0,8.0,22.0
584,345,5,1,35.0,14.0,35.0
585,345,6,1,22.0,8.0,22.0
586,346,5,1,35.0,14.0,35.0
587,346,3,2,28.0,11.0,56.0
588,347,4,2,18.0,6.0,36.0
589,348,1,1,25.0,9.0,25.0
590,348,4,2,18.0,6.0,36.0
591,348,6,2,22.0,8.0,44.0
592,349,3,1,28.0,11.0,28.0
593,350,6,2,22.0,8.0,44.0
594,351,3,1,28.0,11.0,28.0
595,351,4,1,18.0,6.0,18.0
596,351,6,4,22.0,8.0,88.0
597,352,5,1,35.0,14.0,35.0
598,353,5,1,35.0,14.0,35.0
599,354,4,3,18.0,6.0,54.0
600,355,6,1,22.0,8.0,22.0
601,355,4,1,18.0,6.0,18.0
602,356,3,1,28.0,11.0,28.0
603,357,1,1,25.0,9.0,25.0
604,357,4,1,18.0,6.0,18.0
605,358,4,1,18.0,6.0,18.0
606,359,2,1,32.0,12.0,32.0
607,359,4,4,18.0,6.0,72.0
608,360,1,3,25.0,9.0,75.0
609,361,1,1,25.0,9.0,25.0
610,361,3,2,28.0,11.0,56.0
611,362,2,1,32.0,12.0,32.0
612,363,1,3,25.0,9.0,75.0
613,364,4,1,18.0,6.0,18.0
614,364,1,2,25.0,9.0,50.0
615,364,5,1,35.0,14.0,35.0
616,365,3,1,28.0,11.0,28.0
617,366,3,1,28.0,11.0,28.0
618,366,6,1,22.0,8.0,22.0
619,367,1,1,25.0,9.0,25.0
620,368,2,1,32.0,12.0,32.0
621,369,6,1,22.0,8.0,22.0
622,370,3,1,28.0,11.0,28.0
623,370,2,1,32.0,12.0,32.0
624,371,2,1,32.0,12.0,32.0
625,372,2,1,32.0,12.0,32.0
626,373,4,1,18.0,6.0,18.0
627,374,1,4,25.0,9.0,100.0
628,374,6,1,22.0,8.0,22.0
629,375,3,1,28.0,11.0,28.0
630,375,1,1,25.0,9.0,25.0
631,376,4,1,18.0,6.0,18.0
632,376,1,1,25.0,9.0,25.0
633,377,2,1,32.0,12.0,32.0
634,378,5,1,35.0,14.0,35.0
635,379,5,1,35.0,14.0,35.0
636,380,6,1,22.0,8.0,22.0
637,381,3,1,28.0,11.0,28.0
638,381,4,1,18.0,6.0,18.0
639,382,1,1,25.0,9.0,25.0
640,382,4,2,18.0,6.0,36.0
641,383,3,3,28.0,11.0,84.0
642,383,5,3,35.0,14.0,105.0
643,384,4,3,18.0,6.0,54.0
644,384,3,4,28.0,11.0,112.0
645,385,3,1,28.0,11.0,28.0
646,385,5,2,35.0,14.0,70.0
647,386,4,1,18.0,6.0,18.0
648,387,1,3,25.0,9.0,75.0
649,387,3,1,28.0,11.0,28.0
650,388,3,1,28.0,11.0,28.0
651,388,1,2,25.0,9.0,50.0
652,389,3,1,28.0,11.0,28.0
653,389,1,3,25.0,9.0,75.0
654,390,2,2,32.0,12.0,64.0
655,391,2,2,32.0,12.0,64.0
656,391,5,3,35.0,14.0,105.0
657,392,6,2,22.0,8.0,44.0
658,393,5,3,35.0,14.0,105.0
659,393,4,2,18.0,6.0,36.0
660,394,5,2,35.0,14.0,70.0
661,394,2,1,32.0,12.0,32.0
662,395,3,1,28.0,11.0,28.0
663,396,6,1,22.0,8.0,22.0
664,396,3,1,28.0,11.0,28.0
665,397,6,1,22.0,8.0,22.0
666,397,1,1,25.0,9.0,25.0
667,398,4,1,18.0,6.0,18.0
668,399,6,1,22.0,8.0,22.0
669,399,2,2,32.0,12.0,64.0
670,399,5,1,35.0,14.0,35.0
671,400,4,1,18.0,6.0,18.0
672,401,5,4,35.0,14.0,140.0
673,402,4,1,18.0,6.0,18.0
674,403,5,1,35.0,14.0,35.0
675,403,3,1,28.0,11.0,28.0
676,403,6,1,22.0,8.0,22.0
677,404,4,1,18.0,6.0,18.0
678,405,1,1,25.0,9.0,25.0
679,406,3,1,28.0,11.0,28.0
680,406,4,3,18.0,6.0,54.0
681,407,4,1,18.0,6.0,18.0
682,408,3,2,28.0,11.0,56.0
683,409,3,3,28.0,11.0,84.0
684,410,4,1,18.0,6.0,18.0
685,410,5,1,35.0,14.0,35.0
686,411,3,1,28.0,11.0,28.0
687,412,5,2,35.0,14.0,70.0
688,412,6,2,22.0,8.0,44.0
689,413,2,3,32.0,12.0,96.0
690,414,2,3,32.0,12.0,96.0
691,414,6,1,22.0,8.0,22.0
692,415,5,3,35.0,14.0,105.0
693,415,3,1,28.0,11.0,28.0
694,416,1,1,25.0,9.0,25.0
695,416,4,2,18.0,6.0,36.0
696,417,5,3,35.0,14.0,105.0
697,417,1,3,25.0,9.0,75.0
698,417,3,3,28.0,11.0,84.0
699,418,2,1,32.0,12.0,32.0
700,419,4,3,18.0,6.0,54.0
701,420,3,3,28.0,11.0,84.0
702,421,6,1,22.0,8.0,22.0
703,421,1,4,25.0,9.0,100.0
704,421,2,1,32.0,12.0,32.0
705,422,4,1,18.0,6.0,18.0
706,423,3,1,28.0,11.0,28.0
707,423,1,1,25.0,9.0,25.0
708,424,5,1,35.0,14.0,35.0
709,424,6,1,22.0,8.0,22.0
710,425,1,3,25.0,9.0,75.0
711,426,4,2,18.0,6.0,36.0
712,427,4,1,18.0,6.0,18.0
713,428,3,2,28.0,11.0,56.0
714,429,5,2,35.0,14.0,70.0
715,430,3,1,28.0,11.0,28.0
716,430,4,3,18.0,6.0,54.0
717,431,2,2,32.0,12.0,64.0
718,432,6,3,22.0,8.0,66.0
719,432,3,3,28.0,11.0,84.0
720,432,4,1,18.0,6.0,18.0
721,433,5,1,35.0,14.0,35.0
722,433,1,4,25.0,9.0,100.0
723,434,1,1,25.0,9.0,25.0
724,435,3,1,28.0,11.0,28.0
725,435,6,2,22.0,8.0,44.0
726,435,2,3,32.0,12.0,96.0
727,436,6,4,22.0,8.0,88.0
728,436,4,1,18.0,6.0,18.0
729,437,5,1,35.0,14.0,35.0
730,437,2,2,32.0,12.0,64.0
731,438,6,3,22.0,8.0,66.0
732,438,3,3,28.0,11.0,84.0
733,438,5,3,35.0,14.0,105.0
734,439,2,2,32.0,12.0,64.0
735,439,3,1,28.0,11.0,28.0
736,440,3,1,28.0,11.0,28.0
737,440,6,1,22.0,8.0,22.0
738,441,5,1,35.0,14.0,35.0
739,441,6,3,22.0,8.0,66.0
740,442,1,3,25.0,9.0,75.0
741,443,5,3,35.0,14.0,105.0
742,444,4,2,18.0,6.0,36.0
743,444,3,1,28.0,11.0,28.0
744,445,2,2,32.0,12.0,64.0
745,446,5,1,35.0,14.0,35.0
746,447,1,1,25.0,9.0,25.0
747,448,5,1,35.0,14.0,35.0
748,449,3,1,28.0,11.0,28.0
749,450,1,1,25.0,9.0,25.0
750,451,4,1,18.0,6.0,18.0
751,451,2,3,32.0,12.0,96.0
752,452,4,1,18.0,6.0,18.0
753,452,1,4,25.0,9.0,100.0
754,452,2,1,32.0,12.0,32.0
755,453,1,3,25.0,9.0,75.0
756,453,4,1,18.0,6.0,18.0
757,454,1,2,25.0,9.0,50.0
758,455,1,1,25.0,9.0,25.0
759,456,1,1,25.0,9.0,25.0
760,456,3,1,28.0,11.0,28.0
761,457,1,1,25.0,9.0,25.0
762,458,2,2,32.0,12.0,64.0
763,459,6,1,22.0,8.0,22.0
764,460,4,1,18.0,6.0,18.0
765,461,1,2,25.0,9.0,50.0
766,462,2,1,32.0,12.0,32.0
767,463,1,1,25.0,9.0,25.0
768,463,3,2,28.0,11.0,56.0
769,464,1,3,25.0,9.0,75.0
770,464,6,2,22.0,8.0,44.0
771,465,6,1,22.0,8.0,22.0
772,465,1,1,25.0,9.0,25.0
773,466,4,2,18.0,6.0,36.0
774,467,1,2,25.0,9.0,50.0
775,467,2,1,32.0,12.0,32.0
776,468,5,1,35.0,14.0,35.0
777,468,4,1,18.0,6.0,18.0
778,469,6,3,22.0,8.0,66.0
779,469,2,1,32.0,12.0,32.0
780,469,4,1,18.0,6.0,18.0
781,470,6,2,22.0,8.0,44.0
782,470,5,2,35.0,14.0,70.0
783,471,5,2,35.0,14.0,70.0
784,472,3,2,28.0,11.0,56.0
785,473,5,1,35.0,14.0,35.0
786,473,1,3,25.0,9.0,75.0
787,474,4,1,18.0,6.0,18.0
788,475,6,1,22.0,8.0,22.0
789,476,4,3,18.0,6.0,54.0
790,476,1,1,25.0,9.0,25.0
791,477,4,1,18.0,6.0,18.0
792,478,5,3,35.0,14.0,105.0
793,478,3,2,28.0,11.0,56.0
794,479,2,1,32.0,12.0,32.0
795,479,4,2,18.0,6.0,36.0
796,480,1,2,25.0,9.0,50.0
797,480,6,1,22.0,8.0,22.0
798,481,5,1,35.0,14.0,35.0
799,481,6,1,22.0,8.0,22.0
800,482,6,1,22.0,8.0,22.0
801,482,4,2,18.0,6.0,36.0
802,483,2,2,32.0,12.0,64.0
803,484,4,1,18.0,6.0,18.0
804,485,5,2,35.0,14.0,70.0
805,486,5,2,35.0,14.0,70.0
806,487,2,1,32.0,12.0,32.0
807,487,1,2,25.0,9.0,50.0
808,488,5,3,35.0,14.0,105.0
809,489,2,1,32.0,12.0,32.0
810,490,6,1,22.0,8.0,22.0
811,491,2,2,32.0,12.0,64.0
812,491,6,1,22.0,8.0,22.0
813,492,2,1,32.0,12.0,32.0
814,492,5,2,35.0,14.0,70.0
815,493,6,2,22.0,8.0,44.0
816,493,4,3,18.0,6.0,54.0
817,494,5,1,35.0,14.0,35.0
818,494,1,1,25.0,9.0,25.0
819,495,3,1,28.0,11.0,28.0
820,495,6,1,22.0,8.0,22.0
821,496,4,1,18.0,6.0,18.0
822,497,6,2,22.0,8.0,44.0
823,498,6,3,22.0,8.0,66.0
824,498,1,1,25.0,9.0,25.0
825,499,1,1,25.0,9.0,25.0
826,499,3,3,28.0,11.0,84.0
827,500,3,1,28.0,11.0,28.0
828,500,5,2,35.0,14.0,70.0
829,501,6,1,22.0,8.0,22.0
830,502,3,2,28.0,11.0,56.0
831,503,4,2,18.0,6.0,36.0
832,504,6,3,22.0,8.0,66.0
833,504,5,1,35.0,14.0,35.0
834,505,2,4,32.0,12.0,128.0
835,506,4,1,18.0,6.0,18.0
836,506,1,3,25.0,9.0,75.0
837,507,5,1,35.0,14.0,35.0
838,508,6,2,22.0,8.0,44.0
839,509,4,1,18.0,6.0,18.0
840,509,1,2,25.0,9.0,50.0
841,509,6,1,22.0,8.0,22.0
842,510,4,1,18.0,6.0,18.0
843,510,6,3,22.0,8.0,66.0
844,511,5,1,35.0,14.0,35.0
845,512,6,3,22.0,8.0,66.0
846,512,4,1,18.0,6.0,18.0
847,513,6,2,22.0,8.0,44.0
848,513,1,1,25.0,9.0,25.0
849,514,2,2,32.0,12.0,64.0
850,515,4,2,18.0,6.0,36.0
851,515,6,1,22.0,8.0,22.0
852,515,5,1,35.0,14.0,35.0
853,516,1,1,25.0,9.0,25.0
854,516,5,3,35.0,14.0,105.0
855,517,5,1,35.0,14.0,35.0
856,517,1,3,25.0,9.0,75.0
857,518,2,1,32.0,12.0,32.0
858,519,6,1,22.0,8.0,22.0
859,520,6,2,22.0,8.0,44.0
860,520,3,2,28.0,11.0,56.0
861,520,1,1,25.0,9.0,25.0
862,521,3,1,28.0,11.0,28.0
863,521,2,3,32.0,12.0,96.0
864,521,6,3,22.0,8.0,66.0
865,522,1,1,25.0,9.0,25.0
866,523,5,2,35.0,14.0,70.0
867,523,4,1,18.0,6.0,18.0
868,524,4,1,18.0,6.0,18.0
869,524,3,2,28.0,11.0,56.0
870,525,3,1,28.0,11.0,28.0
871,525,4,2,18.0,6.0,36.0
872,525,5,2,35.0,14.0,70.0
873,526,2,1,32.0,12.0,32.0
874,526,1,1,25.0,9.0,25.0
875,526,3,2,28.0,11.0,56.0
876,527,4,1,18.0,6.0,18.0
877,527,6,2,22.0,8.0,44.0
878,528,3,3,28.0,11.0,84.0
879,528,2,1,32.0,12.0,32.0
880,529,5,2,35.0,14.0,70.0
881,529,1,1,25.0,9.0,25.0
882,529,4,1,18.0,6.0,18.0
883,530,2,1,32.0,12.0,32.0
884,530,3,3,28.0,11.0,84.0
885,531,1,1,25.0,9.0,25.0
886,531,4,1,18.0,6.0,18.0
887,532,2,1,32.0,12.0,32.0
888,533,4,1,18.0,6.0,18.0
889,533,3,2,28.0,11.0,56.0
890,534,2,1,32.0,12.0,32.0
891,535,1,1,25.0,9.0,25.0
892,536,3,2,28.0,11.0,56.0
893,536,6,2,22.0,8.0,44.0
894,537,1,1,25.0,9.0,25.0
895,537,5,4,35.0,14.0,140.0
896,538,4,3,18.0,6.0,54.0
897,539,1,1,25.0,9.0,25.0
898,540,6,3,22.0,8.0,66.0
899,541,4,1,18.0,6.0,18.0
900,541,6,2,22.0,8.0,44.0
901,542,5,2,35.0,14.0,70.0
902,543,1,1,25.0,9.0,25.0
903,543,2,1,32.0,12.0,32.0
904,544,6,2,22.0,8.0,44.0
905,545,4,3,18.0,6.0,54.0
906,546,5,3,35.0,14.0,105.0
907,547,3,2,28.0,11.0,56.0
908,547,4,1,18.0,6.0,18.0
909,548,5,2,35.0,14.0,70.0
910,549,5,2,35.0,14.0,70.0
911,550,4,2,18.0,6.0,36.0
912,551,6,1,22.0,8.0,22.0
913,551,4,1,18.0,6.0,18.0
914,551,5,1,35.0,14.0,35.0
915,552,3,3,28.0,11.0,84.0
916,552,5,3,35.0,14.0,105.0
917,553,2,3,32.0,12.0,96.0
918,554,2,1,32.0,12.0,32.0
919,555,1,1,25.0,9.0,25.0
920,556,2,1,32.0,12.0,32.0
921,557,3,2,28.0,11.0,56.0
922,558,3,2,28.0,11.0,56.0
923,559,6,1,22.0,8.0,22.0
924,560,4,1,18.0,6.0,18.0
925,560,2,1,32.0,12.0,32.0
926,561,6,1,22.0,8.0,22.0
927,561,1,4,25.0,9.0,100.0
928,562,4,1,18.0,6.0,18.0
929,562,1,1,25.0,9.0,25.0
930,562,5,2,35.0,14.0,70.0
931,563,3,1,28.0,11.0,28.0
932,563,5,2,35.0,14.0,70.0
933,564,6,3,22.0,8.0,66.0
934,565,5,2,35.0,14.0,70.0
935,565,2,2,32.0,12.0,64.0
936,566,3,2,28.0,11.0,56.0
937,567,1,2,25.0,9.0,50.0
938,568,5,1,35.0,14.0,35.0
939,568,6,4,22.0,8.0,88.0
940,569,5,1,35.0,14.0,35.0
941,569,1,1,25.0,9.0,25.0
942,569,3,2,28.0,11.0,56.0
943,570,3,3,28.0,11.0,84.0
944,570,5,2,35.0,14.0,70.0
945,571,3,2,28.0,11.0,56.0
946,571,4,3,18.0,6.0,54.0
947,572,2,3,32.0,12.0,96.0
948,572,6,1,22.0,8.0,22.0
949,573,3,1,28.0,11.0,28.0
950,574,2,1,32.0,12.0,32.0
951,574,4,1,18.0,6.0,18.0
952,575,2,2,32.0,12.0,64.0
953,575,4,1,18.0,6.0,18.0
954,576,2,3,32.0,12.0,96.0
955,577,6,2,22.0,8.0,44.0
956,577,4,1,18.0,6.0,18.0
957,577,1,1,25.0,9.0,25.0
958,578,5,1,35.0,14.0,35.0
959,578,3,2,28.0,11.0,56.0
960,578,4,1,18.0,6.0,18.0
961,579,4,3,18.0,6.0,54.0
962,579,6,1,22.0,8.0,22.0
963,580,4,2,18.0,6.0,36.0
964,580,3,1,28.0,11.0,28.0
965,581,3,1,28.0,11.0,28.0
966,582,3,1,28.0,11.0,28.0
967,582,2,1,32.0,12.0,32.0
968,583,4,1,18.0,6.0,18.0
969,584,6,3,22.0,8.0,66.0
970,584,3,2,28.0,11.0,56.0
971,585,1,1,25.0,9.0,25.0
972,586,5,2,35.0,14.0,70.0
973,586,3,1,28.0,11.0,28.0
974,587,2,1,32.0,12.0,32.0
975,588,6,1,22.0,8.0,22.0
976,589,3,1,28.0,11.0,28.0
977,589,1,1,25.0,9.0,25.0
978,590,6,1,22.0,8.0,22.0
979,590,5,2,35.0,14.0,70.0
980,591,4,1,18.0,6.0,18.0
981,591,1,1,25.0,9.0,25.0
982,592,3,2,28.0,11.0,56.0
983,592,4,2,18.0,6.0,36.0
984,593,3,1,28.0,11.0,28.0
985,594,4,2,18.0,6.0,36.0
986,595,2,1,32.0,12.0,32.0
987,596,6,2,22.0,8.0,44.0
988,597,4,1,18.0,6.0,18.0
989,598,1,1,25.0,9.0,25.0
990,598,3,3,28.0,11.0,84.0
991,598,2,1,32.0,12.0,32.0
992,599,5,3,35.0,14.0,105.0
993,600,4,1,18.0,6.0,18.0
994,601,6,1,22.0,8.0,22.0
995,602,6,1,22.0,8.0,22.0
996,602,5,1,35.0,14.0,35.0
997,603,4,1,18.0,6.0,18.0
998,604,2,1,32.0,12.0,32.0
999,604,3,1,28.0,11.0,28.0
1000,605,1,2,25.0,9.0,50.0
1001,606,3,1,28.0,11.0,28.0
1002,607,6,2,22.0,8.0,44.0
1003,608,2,1,32.0,12.0,32.0
1004,609,3,3,28.0,11.0,84.0
1005,609,5,1,35.0,14.0,35.0
1006,610,4,1,18.0,6.0,18.0
1007,611,5,1,35.0,14.0,35.0
1008,612,1,1,25.0,9.0,25.0
1009,613,4,4,18.0,6.0,72.0
1010,614,2,1,32.0,12.0,32.0
1011,615,3,3,28.0,11.0,84.0
1012,616,4,1,18.0,6.0,18.0
1013,616,6,4,22.0,8.0,88.0
1014,617,2,1,32.0,12.0,32.0
1015,617,4,4,18.0,6.0,72.0
1016,618,5,1,35.0,14.0,35.0
1017,618,1,1,25.0,9.0,25.0
1018,618,3,1,28.0,11.0,28.0
1019,619,3,2,28.0,11.0,56.0
1020,620,6,1,22.0,8.0,22.0
1021,621,4,1,18.0,6.0,18.0
1022,622,1,1,25.0,9.0,25.0
1023,622,6,1,22.0,8.0,22.0
1024,623,5,2,35.0,14.0,70.0
1025,624,1,1,25.0,9.0,25.0
1026,624,4,1,18.0,6.0,18.0
1027,625,5,1,35.0,14.0,35.0
1028,625,4,1,18.0,6.0,18.0
1029,626,5,1,35.0,14.0,35.0
1030,626,6,1,22.0,8.0,22.0
1031,626,2,1,32.0,12.0,32.0
1032,627,5,2,35.0,14.0,70.0
1033,627,4,3,18.0,6.0,54.0
1034,628,1,2,25.0,9.0,50.0
1035,629,5,2,35.0,14.0,70.0
1036,629,2,1,32.0,12.0,32.0
1037,630,2,1,32.0,12.0,32.0
1038,631,5,2,35.0,14.0,70.0
1039,632,3,1,28.0,11.0,28.0
1040,632,1,2,25.0,9.0,50.0
1041,633,1,3,25.0,9.0,75.0
1042,633,4,1,18.0,6.0,18.0
1043,634,6,3,22.0,8.0,66.0
1044,634,1,1,25.0,9.0,25.0
1045,635,2,4,32.0,12.0,128.0
1046,636,5,2,35.0,14.0,70.0
1047,637,4,2,18.0,6.0,36.0
1048,637,1,2,25.0,9.0,50.0
1049,638,2,1,32.0,12.0,32.0
1050,638,6,2,22.0,8.0,44.0
1051,638,4,1,18.0,6.0,18.0
1052,639,3,3,28.0,11.0,84.0
1053,640,5,2,35.0,14.0,70.0
1054,640,2,1,32.0,12.0,32.0
1055,641,4,1,18.0,6.0,18.0
1056,642,3,1,28.0,11.0,28.0
1057,642,1,1,25.0,9.0,25.0
1058,643,5,1,35.0,14.0,35.0
1059,643,6,1,22.0,8.0,22.0
1060,643,2,1,32.0,12.0,32.0
1061,644,3,1,28.0,11.0,28.0
1062,645,3,2,28.0,11.0,56.0
1063,646,1,2,25.0,9.0,50.0
1064,646,5,1,35.0,14.0,35.0
1065,647,3,1,28.0,11.0,28.0
1066,648,2,2,32.0,12.0,64.0
1067,649,4,1,18.0,6.0,18.0
1068,649,1,1,25.0,9.0,25.0
1069,650,2,2,32.0,12.0,64.0
1070,650,1,4,25.0,9.0,100.0
1071,651,3,2,28.0,11.0,56.0
1072,652,1,1,25.0,9.0,25.0
1073,652,5,1,35.0,14.0,35.0
1074,653,4,1,18.0,6.0,18.0
1075,653,5,1,35.0,14.0,35.0
1076,654,2,1,32.0,12.0,32.0
1077,654,6,2,22.0,8.0,44.0
1078,655,4,1,18.0,6.0,18.0
1079,656,3,4,28.0,11.0,112.0
1080,656,2,2,32.0,12.0,64.0
1081,657,2,1,32.0,12.0,32.0
1082,657,3,2,28.0,11.0,56.0
1083,658,2,1,32.0,12.0,32.0
1084,658,3,3,28.0,11.0,84.0
1085,658,1,1,25.0,9.0,25.0
1086,659,5,1,35.0,14.0,35.0
1087,660,6,2,22.0,8.0,44.0
1088,660,1,2,25.0,9.0,50.0
1089,660,4,1,18.0,6.0,18.0
1090,661,1,2,25.0,9.0,50.0
1091,661,4,1,18.0,6.0,18.0
1092,662,3,1,28.0,11.0,28.0
1093,662,1,3,25.0,9.0,75.0
1094,662,5,1,35.0,14.0,35.0
1095,663,5,1,35.0,14.0,35.0
1096,664,5,1,35.0,14.0,35.0
1097,665,3,1,28.0,11.0,28.0
1098,666,1,3,25.0,9.0,75.0
1099,666,3,3,28.0,11.0,84.0
1100,667,4,2,18.0,6.0,36.0
1101,668,6,1,22.0,8.0,22.0
1102,668,2,2,32.0,12.0,64.0
1103,669,5,1,35.0,14.0,35.0
1104,670,2,2,32.0,12.0,64.0
1105,670,3,3,28.0,11.0,84.0
1106,671,5,3,35.0,14.0,105.0
1107,672,3,3,28.0,11.0,84.0
1108,673,4,1,18.0,6.0,18.0
1109,673,6,3,22.0,8.0,66.0
1110,673,3,3,28.0,11.0,84.0
1111,674,1,2,25.0,9.0,50.0
1112,675,5,1,35.0,14.0,35.0
1113,675,2,1,32.0,12.0,32.0
1114,676,5,2,35.0,14.0,70.0
1115,676,4,1,18.0,6.0,18.0
1116,677,2,1,32.0,12.0,32.0
1117,678,2,1,32.0,12.0,32.0
1118,678,6,3,22.0,8.0,66.0
1119,678,5,4,35.0,14.0,140.0
1120,679,4,2,18.0,6.0,36.0
1121,679,6,3,22.0,8.0,66.0
1122,679,1,2,25.0,9.0,50.0
1123,680,6,1,22.0,8.0,22.0
1124,680,1,1,25.0,9.0,25.0
1125,681,5,1,35.0,14.0,35.0
1126,682,1,1,25.0,9.0,25.0
1127,682,2,1,32.0,12.0,32.0
1128,683,3,2,28.0,11.0,56.0
1129,684,6,1,22.0,8.0,22.0
1130,685,6,1,22.0,8.0,22.0
1131,685,5,1,35.0,14.0,35.0
1132,686,2,1,32.0,12.0,32.0
1133,686,4,2,18.0,6.0,36.0
1134,686,1,3,25.0,9.0,75.0
1135,687,6,1,22.0,8.0,22.0
1136,688,5,1,35.0,14.0,35.0
1137,689,2,1,32.0,12.0,32.0
1138,689,6,2,22.0,8.0,44.0
1139,689,5,1,35.0,14.0,35.0
1140,690,1,4,25.0,9.0,100.0
1141,690,2,1,32.0,12.0,32.0
1142,691,1,3,25.0,9.0,75.0
1143,691,5,1,35.0,14.0,35.0
1144,692,5,1,35.0,14.0,35.0
1145,693,2,1,32.0,12.0,32.0
1146,693,1,1,25.0,9.0,25.0
1147,694,5,1,35.0,14.0,35.0
1148,694,3,1,28.0,11.0,28.0
1149,695,5,2,35.0,14.0,70.0
1150,695,6,2,22.0,8.0,44.0
1151,696,3,1,28.0,11.0,28.0
1152,697,5,1,35.0,14.0,35.0
1153,698,5,1,35.0,14.0,35.0
1154,699,6,4,22.0,8.0,88.0
1155,700,6,1,22.0,8.0,22.0
1156,700,3,3,28.0,11.0,84.0
1157,701,5,1,35.0,14.0,35.0
1158,701,6,2,22.0,8.0,44.0
1159,701,4,1,18.0,6.0,18.0
1160,702,2,1,32.0,12.0,32.0
1161,703,2,4,32.0,12.0,128.0
1162,703,5,1,35.0,14.0,35.0
1163,704,2,2,32.0,12.0,64.0
1164,705,3,1,28.0,11.0,28.0
1165,705,1,1,25.0,9.0,25.0
1166,706,6,3,22.0,8.0,66.0
1167,706,4,2,18.0,6.0,36.0
1168,707,5,2,35.0,14.0,70.0
1169,707,3,1,28.0,11.0,28.0
1170,707,4,2,18.0,6.0,36.0
1171,708,1,2,25.0,9.0,50.0
1172,708,2,1,32.0,12.0,32.0
1173,709,3,4,28.0,11.0,112.0
1174,709,1,2,25.0,9.0,50.0
1175,709,6,3,22.0,8.0,66.0
1176,710,3,1,28.0,11.0,28.0
1177,710,6,1,22.0,8.0,22.0
1178,710,1,3,25.0,9.0,75.0
1179,711,2,1,32.0,12.0,32.0
1180,711,1,1,25.0,9.0,25.0
1181,712,4,3,18.0,6.0,54.0
1182,713,5,2,35.0,14.0,70.0
1183,713,3,1,28.0,11.0,28.0
1184,714,2,2,32.0,12.0,64.0
1185,714,6,1,22.0,8.0,22.0
1186,715,1,2,25.0,9.0,50.0
1187,716,1,1,25.0,9.0,25.0
1188,716,5,2,35.0,14.0,70.0
1189,716,3,2,28.0,11.0,56.0
1190,717,4,1,18.0,6.0,18.0
1191,717,1,1,25.0,9.0,25.0
1192,718,2,1,32.0,12.0,32.0
1193,718,5,1,35.0,14.0,35.0
1194,719,2,1,32.0,12.0,32.0
1195,719,1,3,25.0,9.0,75.0
1196,720,1,1,25.0,9.0,25.0
1197,720,6,1,22.0,8.0,22.0
1198,720,4,1,18.0,6.0,18.0
1199,721,4,1,18.0,6.0,18.0
1200,721,5,1,35.0,14.0,35.0
1201,722,4,1,18.0,6.0,18.0
1202,722,5,3,35.0,14.0,105.0
1203,723,4,1,18.0,6.0,18.0
1204,723,6,1,22.0,8.0,22.0
1205,724,2,2,32.0,12.0,64.0
1206,725,4,1,18.0,6.0,18.0
1207,726,5,1,35.0,14.0,35.0
1208,727,5,2,35.0,14.0,70.0
1209,728,2,1,32.0,12.0,32.0
1210,728,5,1,35.0,14.0,35.0
1211,729,5,2,35.0,14.0,70.0
1212,729,4,1,18.0,6.0,18.0
1213,730,6,1,22.0,8.0,22.0
1214,731,5,1,35.0,14.0,35.0
1215,732,4,1,18.0,6.0,18.0
1216,733,3,2,28.0,11.0,56.0
1217,733,4,1,18.0,6.0,18.0
1218,734,6,2,22.0,8.0,44.0
1219,734,1,1,25.0,9.0,25.0
1220,734,2,1,32.0,12.0,32.0
1221,735,3,3,28.0,11.0,84.0
1222,735,5,3,35.0,14.0,105.0
1223,735,6,2,22.0,8.0,44.0
1224,736,2,1,32.0,12.0,32.0
1225,736,3,3,28.0,11.0,84.0
1226,737,3,3,28.0,11.0,84.0
1227,738,6,1,22.0,8.0,22.0
1228,738,4,1,18.0,6.0,18.0
1229,739,4,3,18.0,6.0,54.0
1230,740,6,1,22.0,8.0,22.0
1231,740,2,2,32.0,12.0,64.0
1232,740,5,1,35.0,14.0,35.0
1233,741,6,3,22.0,8.0,66.0
1234,742,4,1,18.0,6.0,18.0
1235,742,5,1,35.0,14.0,35.0
1236,743,4,2,18.0,6.0,36.0
1237,744,3,3,28.0,11.0,84.0
1238,744,4,2,18.0,6.0,36.0
1239,745,1,1,25.0,9.0,25.0
1240,745,2,1,32.0,12.0,32.0
1241,745,3,3,28.0,11.0,84.0
1242,746,1,2,25.0,9.0,50.0
1243,746,5,3,35.0,14.0,105.0
1244,746,3,1,28.0,11.0,28.0
1245,747,3,1,28.0,11.0,28.0
1246,747,4,4,18.0,6.0,72.0
1247,748,6,1,22.0,8.0,22.0
1248,748,3,1,28.0,11.0,28.0
1249,748,5,1,35.0,14.0,35.0
1250,749,1,1,25.0,9.0,25.0
1251,749,3,1,28.0,11.0,28.0
1252,750,3,1,28.0,11.0,28.0
1253,751,5,2,35.0,14.0,70.0
1254,752,6,1,22.0,8.0,22.0
1255,753,1,4,25.0,9.0,100.0
1256,754,4,2,18.0,6.0,36.0
1257,755,5,2,35.0,14.0,70.0
1258,756,1,1,25.0,9.0,25.0
1259,756,2,1,32.0,12.0,32.0
1260,757,4,1,18.0,6.0,18.0
1261,757,6,1,22.0,8.0,22.0
1262,758,4,4,18.0,6.0,72.0
1263,758,3,2,28.0,11.0,56.0
1264,759,4,1,18.0,6.0,18.0
1265,759,5,1,35.0,14.0,35.0
1266,759,3,1,28.0,11.0,28.0
1267,760,2,2,32.0,12.0,64.0
1268,760,5,1,35.0,14.0,35.0
1269,761,6,3,22.0,8.0,66.0
1270,761,1,1,25.0,9.0,25.0
1271,762,6,1,22.0,8.0,22.0
1272,763,5,2,35.0,14.0,70.0
1273,764,1,1,25.0,9.0,25.0
1274,765,5,2,35.0,14.0,70.0
1275,765,2,1,32.0,12.0,32.0
1276,765,1,1,25.0,9.0,25.0
1277,766,6,1,22.0,8.0,22.0
1278,766,3,2,28.0,11.0,56.0
1279,767,1,1,25.0,9.0,25.0
1280,768,2,1,32.0,12.0,32.0
1281,768,4,1,18.0,6.0,18.0
1282,769,6,1,22.0,8.0,22.0
1283,769,3,1,28.0,11.0,28.0
1284,769,1,2,25.0,9.0,50.0
1285,770,6,1,22.0,8.0,22.0
1286,771,4,1,18.0,6.0,18.0
1287,771,5,2,35.0,14.0,70.0
1288,772,1,1,25.0,9.0,25.0
1289,772,5,1,35.0,14.0,35.0
1290,773,3,2,28.0,11.0,56.0
1291,773,6,1,22.0,8.0,22.0
1292,774,3,1,28.0,11.0,28.0
1293,775,5,1,35.0,14.0,35.0
1294,776,1,2,25.0,9.0,50.0
1295,777,2,1,32.0,12.0,32.0
1296,778,4,1,18.0,6.0,18.0
1297,779,4,1,18.0,6.0,18.0
1298,779,1,1,25.0,9.0,25.0
1299,779,5,2,35.0,14.0,70.0
1300,780,6,1,22.0,8.0,22.0
1301,780,5,2,35.0,14.0,70.0
1302,781,1,1,25.0,9.0,25.0
1303,782,1,2,25.0,9.0,50.0
1304,782,2,3,32.0,12.0,96.0
1305,783,5,2,35.0,14.0,70.0
1306,784,6,2,22.0,8.0,44.0
1307,785,3,2,28.0,11.0,56.0
1308,785,2,2,32.0,12.0,64.0
1309,786,6,1,22.0,8.0,22.0
1310,787,1,2,25.0,9.0,50.0
1311,788,4,1,18.0,6.0,18.0
1312,789,3,2,28.0,11.0,56.0
1313,789,4,2,18.0,6.0,36.0
1314,790,5,1,35.0,14.0,35.0
1315,790,4,3,18.0,6.0,54.0
1316,791,5,2,35.0,14.0,70.0
1317,791,1,2,25.0,9.0,50.0
1318,792,5,4,35.0,14.0,140.0
1319,793,4,1,18.0,6.0,18.0
1320,793,2,1,32.0,12.0,32.0
1321,794,4,2,18.0,6.0,36.0
1322,794,2,1,32.0,12.0,32.0
1323,794,5,2,35.0,14.0,70.0
1324,795,4,1,18.0,6.0,18.0
1325,795,1,1,25.0,9.0,25.0
1326,796,1,1,25.0,9.0,25.0
1327,797,2,2,32.0,12.0,64.0
1328,798,2,3,32.0,12.0,96.0
1329,798,4,1,18.0,6.0,18.0
1330,799,5,1,35.0,14.0,35.0
1331,800,3,4,28.0,11.0,112.0
1332,801,2,1,32.0,12.0,32.0
1333,802,3,2,28.0,11.0,56.0
1334,803,5,1,35.0,14.0,35.0
1335,803,6,3,22.0,8.0,66.0
1336,803,2,1,32.0,12.0,32.0
1337,804,4,2,18.0,6.0,36.0
1338,805,5,3,35.0,14.0,105.0
1339,806,4,2,18.0,6.0,36.0
1340,807,6,3,22.0,8.0,66.0
1341,808,6,3,22.0,8.0,66.0
1342,808,4,1,18.0,6.0,18.0
1343,809,6,1,22.0,8.0,22.0
1344,810,4,2,18.0,6.0,36.0
1345,810,6,3,22.0,8.0,66.0
1346,811,6,1,22.0,8.0,22.0
1347,812,1,1,25.0,9.0,25.0
1348,813,2,2,32.0,12.0,64.0
1349,813,1,1,25.0,9.0,25.0
1350,814,3,1,28.0,11.0,28.0
1351,815,1,2,25.0,9.0,50.0
1352,815,5,1,35.0,14.0,35.0
1353,816,5,3,35.0,14.0,105.0
1354,817,3,1,28.0,11.0,28.0
1355,818,4,1,18.0,6.0,18.0
1356,819,5,1,35.0,14.0,35.0
1357,819,3,1,28.0,11.0,28.0
1358,820,1,1,25.0,9.0,25.0
1359,820,2,1,32.0,12.0,32.0
1360,820,4,1,18.0,6.0,18.0
1361,821,4,3,18.0,6.0,54.0
1362,821,2,1,32.0,12.0,32.0
1363,822,2,1,32.0,12.0,32.0
1364,822,4,1,18.0,6.0,18.0
1365,823,2,3,32.0,12.0,96.0
1366,824,6,2,22.0,8.0,44.0
1367,825,4,1,18.0,6.0,18.0
1368,825,6,1,22.0,8.0,22.0
1369,826,3,4,28.0,11.0,112.0
1370,827,2,2,32.0,12.0,64.0
1371,828,6,1,22.0,8.0,22.0
1372,828,2,1,32.0,12.0,32.0
1373,829,2,2,32.0,12.0,64.0
1374,830,4,1,18.0,6.0,18.0
1375,831,4,1,18.0,6.0,18.0
1376,831,3,4,28.0,11.0,112.0
1377,832,3,4,28.0,11.0,112.0
1378,833,4,2,18.0,6.0,36.0
1379,833,3,3,28.0,11.0,84.0
1380,833,1,1,25.0,9.0,25.0
1381,834,4,1,18.0,6.0,18.0
1382,834,3,1,28.0,11.0,28.0
1383,835,3,1,28.0,11.0,28.0
1384,835,2,1,32.0,12.0,32.0
1385,836,4,1,18.0,6.0,18.0
1386,836,2,2,32.0,12.0,64.0
1387,836,6,3,22.0,8.0,66.0
1388,837,4,1,18.0,6.0,18.0
1389,838,5,1,35.0,14.0,35.0
1390,839,4,1,18.0,6.0,18.0
1391,840,4,3,18.0,6.0,54.0
1392,840,2,2,32.0,12.0,64.0
1393,841,3,3,28.0,11.0,84.0
1394,841,1,2,25.0,9.0,50.0
1395,842,2,2,32.0,12.0,64.0
1396,843,4,1,18.0,6.0,18.0
1397,844,3,2,28.0,11.0,56.0
1398,844,4,1,18.0,6.0,18.0
1399,845,6,3,22.0,8.0,66.0
1400,846,2,1,32.0,12.0,32.0
1401,847,4,2,18.0,6.0,36.0
1402,847,1,1,25.0,9.0,25.0
1403,848,4,1,18.0,6.0,18.0
1404,848,1,2,25.0,9.0,50.0
1405,849,2,1,32.0,12.0,32.0
1406,849,3,1,28.0,11.0,28.0
1407,849,6,2,22.0,8.0,44.0
1408,850,5,2,35.0,14.0,70.0
1409,850,2,2,32.0,12.0,64.0
1410,850,6,1,22.0,8.0,22.0
1411,851,3,1,28.0,11.0,28.0
1412,851,6,2,22.0,8.0,44.0
1413,852,4,1,18.0,6.0,18.0
1414,853,2,3,32.0,12.0,96.0
1415,854,5,2,35.0,14.0,70.0
1416,854,6,2,22.0,8.0,44.0
1417,855,1,1,25.0,9.0,25.0
1418,855,4,2,18.0,6.0,36.0
1419,856,3,2,28.0,11.0,56.0
1420,856,2,1,32.0,12.0,32.0
1421,857,6,1,22.0,8.0,22.0
1422,857,2,1,32.0,12.0,32.0
1423,858,1,2,25.0,9.0,50.0
1424,859,6,1,22.0,8.0,22.0
1425,860,3,2,28.0,11.0,56.0
1426,861,5,1,35.0,14.0,35.0
1427,861,2,1,32.0,12.0,32.0
1428,862,5,1,35.0,14.0,35.0
1429,863,5,1,35.0,14.0,35.0
1430,863,6,3,22.0,8.0,66.0
1431,864,5,1,35.0,14.0,35.0
1432,865,6,1,22.0,8.0,22.0
1433,865,4,2,18.0,6.0,36.0
1434,866,5,1,35.0,14.0,35.0
1435,867,5,1,35.0,14.0,35.0
1436,868,1,1,25.0,9.0,25.0
1437,868,3,1,28.0,11.0,28.0
1438,869,4,1,18.0,6.0,18.0
1439,869,2,3,32.0,12.0,96.0
1440,869,6,1,22.0,8.0,22.0
1441,870,2,4,32.0,12.0,128.0
1442,870,1,1,25.0,9.0,25.0
1443,871,2,1,32.0,12.0,32.0
1444,872,2,4,32.0,12.0,128.0
1445,872,1,1,25.0,9.0,25.0
1446,872,3,2,28.0,11.0,56.0
1447,873,6,2,22.0,8.0,44.0
1448,874,4,1,18.0,6.0,18.0
1449,874,3,2,28.0,11.0,56.0
1450,875,4,1,18.0,6.0,18.0
1451,876,1,3,25.0,9.0,75.0
1452,876,6,1,22.0,8.0,22.0
1453,876,5,1,35.0,14.0,35.0
1454,877,5,1,35.0,14.0,35.0
1455,878,4,1,18.0,6.0,18.0
1456,879,1,4,25.0,9.0,100.0
1457,879,6,3,22.0,8.0,66.0
1458,880,1,1,25.0,9.0,25.0
1459,881,2,1,32.0,12.0,32.0
1460,881,4,2,18.0,6.0,36.0
1461,881,5,1,35.0,14.0,35.0
1462,882,5,1,35.0,14.0,35.0
1463,882,4,3,18.0,6.0,54.0
1464,883,4,2,18.0,6.0,36.0
1465,883,5,2,35.0,14.0,70.0
1466,884,3,1,28.0,11.0,28.0
1467,885,4,1,18.0,6.0,18.0
1468,885,1,4,25.0,9.0,100.0
1469,886,3,2,28.0,11.0,56.0
1470,887,2,1,32.0,12.0,32.0
1471,888,5,3,35.0,14.0,105.0
1472,889,4,1,18.0,6.0,18.0
1473,889,5,1,35.0,14.0,35.0
1474,889,6,1,22.0,8.0,22.0
1475,890,6,1,22.0,8.0,22.0
1476,890,3,1,28.0,11.0,28.0
1477,891,1,1,25.0,9.0,25.0
1478,891,5,1,35.0,14.0,35.0
1479,891,2,4,32.0,12.0,128.0
1480,892,3,2,28.0,11.0,56.0
1481,892,1,1,25.0,9.0,25.0
1482,893,3,3,28.0,11.0,84.0
1483,893,5,1,35.0,14.0,35.0
1484,894,4,1,18.0,6.0,18.0
1485,894,5,1,35.0,14.0,35.0
1486,895,6,4,22.0,8.0,88.0
1487,896,5,3,35.0,14.0,105.0
1488,896,4,2,18.0,6.0,36.0
1489,897,6,2,22.0,8.0,44.0
1490,898,1,1,25.0,9.0,25.0
1491,898,2,1,32.0,12.0,32.0
1492,898,4,1,18.0,6.0,18.0
1493,899,2,1,32.0,12.0,32.0
1494,900,4,2,18.0,6.0,36.0
1495,900,6,1,22.0,8.0,22.0
1496,901,3,1,28.0,11.0,28.0
1497,901,5,3,35.0,14.0,105.0
1498,902,3,3,28.0,11.0,84.0
1499,902,5,3,35.0,14.0,105.0
1500,902,6,1,22.0,8.0,22.0
1501,903,6,1,22.0,8.0,22.0
1502,903,2,2,32.0,12.0,64.0
1503,903,5,3,35.0,14.0,105.0
1504,904,3,1,28.0,11.0,28.0
1505,904,4,1,18.0,6.0,18.0
1506,904,1,3,25.0,9.0,75.0
1507,905,2,1,32.0,12.0,32.0
1508,905,4,1,18.0,6.0,18.0
1509,906,3,2,28.0,11.0,56.0
1510,907,3,1,28.0,11.0,28.0
1511,907,2,2,32.0,12.0,64.0
1512,908,1,1,25.0,9.0,25.0
1513,908,6,1,22.0,8.0,22.0
1514,908,2,2,32.0,12.0,64.0
1515,909,2,1,32.0,12.0,32.0
1516,909,4,3,18.0,6.0,54.0
1517,910,2,1,32.0,12.0,32.0
1518,911,6,2,22.0,8.0,44.0
1519,911,4,1,18.0,6.0,18.0
1520,912,4,3,18.0,6.0,54.0
1521,913,2,1,32.0,12.0,32.0
1522,913,3,1,28.0,11.0,28.0
1523,914,6,1,22.0,8.0,22.0
1524,915,6,1,22.0,8.0,22.0
1525,916,1,1,25.0,9.0,25.0
1526,916,2,2,32.0,12.0,64.0
1527,917,6,2,22.0,8.0,44.0
1528,917,4,1,18.0,6.0,18.0
1529,918,5,3,35.0,14.0,105.0
1530,919,4,3,18.0,6.0,54.0
1531,920,5,2,35.0,14.0,70.0
1532,921,3,2,28.0,11.0,56.0
1533,922,2,4,32.0,12.0,128.0
1534,922,1,1,25.0,9.0,25.0
1535,923,4,1,18.0,6.0,18.0
1536,923,1,1,25.0,9.0,25.0
1537,924,4,1,18.0,6.0,18.0
1538,924,2,1,32.0,12.0,32.0
1539,925,4,1,18.0,6.0,18.0
1540,925,2,1,32.0,12.0,32.0
1541,926,2,1,32.0,12.0,32.0
1542,927,3,4,28.0,11.0,112.0
1543,928,5,1,35.0,14.0,35.0
1544,929,4,1,18.0,6.0,18.0
1545,929,3,1,28.0,11.0,28.0
1546,929,1,1,25.0,9.0,25.0
1547,930,1,1,25.0,9.0,25.0
1548,930,5,1,35.0,14.0,35.0
1549,930,2,3,32.0,12.0,96.0
1550,931,3,1,28.0,11.0,28.0
1551,932,3,1,28.0,11.0,28.0
1552,932,6,3,22.0,8.0,66.0
1553,932,4,2,18.0,6.0,36.0
1554,933,4,2,18.0,6.0,36.0
1555,934,4,1,18.0,6.0,18.0
1556,934,1,1,25.0,9.0,25.0
1557,935,4,4,18.0,6.0,72.0
1558,935,1,3,25.0,9.0,75.0
1559,936,4,1,18.0,6.0,18.0
1560,937,3,1,28.0,11.0,28.0
1561,938,6,1,22.0,8.0,22.0
1562,938,5,4,35.0,14.0,140.0
1563,939,2,3,32.0,12.0,96.0
1564,939,4,1,18.0,6.0,18.0
1565,939,1,2,25.0,9.0,50.0
1566,940,3,1,28.0,11.0,28.0
1567,940,2,3,32.0,12.0,96.0
1568,940,1,2,25.0,9.0,50.0
1569,941,1,2,25.0,9.0,50.0
1570,942,5,1,35.0,14.0,35.0
1571,942,2,1,32.0,12.0,32.0
1572,943,1,1,25.0,9.0,25.0
1573,943,4,1,18.0,6.0,18.0
1574,944,2,1,32.0,12.0,32.0
1575,944,4,2,18.0,6.0,36.0
1576,944,5,2,35.0,14.0,70.0
1577,945,3,1,28.0,11.0,28.0
1578,945,5,2,35.0,14.0,70.0
1579,946,4,1,18.0,6.0,18.0
1580,947,3,2,28.0,11.0,56.0
1581,948,4,2,18.0,6.0,36.0
1582,948,2,2,32.0,12.0,64.0
1583,949,3,1,28.0,11.0,28.0
1584,949,4,3,18.0,6.0,54.0
1585,950,3,1,28.0,11.0,28.0
1586,950,2,1,32.0,12.0,32.0
1587,951,5,1,35.0,14.0,35.0
1588,951,4,1,18.0,6.0,18.0
1589,952,1,2,25.0,9.0,50.0
1590,953,2,3,32.0,12.0,96.0
1591,954,5,2,35.0,14.0,70.0
1592,955,2,1,32.0,12.0,32.0
1593,956,1,1,25.0,9.0,25.0
1594,956,4,1,18.0,6.0,18.0
1595,956,6,1,22.0,8.0,22.0
1596,957,3,3,28.0,11.0,84.0
1597,957,5,2,35.0,14.0,70.0
1598,958,1,1,25.0,9.0,25.0
1599,958,2,1,32.0,12.0,32.0
1600,959,2,2,32.0,12.0,64.0
1601,959,4,1,18.0,6.0,18.0
1602,959,6,2,22.0,8.0,44.0
1603,960,4,1,18.0,6.0,18.0
1604,961,4,1,18.0,6.0,18.0
1605,962,4,1,18.0,6.0,18.0
1606,963,4,3,18.0,6.0,54.0
1607,964,1,1,25.0,9.0,25.0
1608,964,4,2,18.0,6.0,36.0
1609,964,5,2,35.0,14.0,70.0
1610,965,5,1,35.0,14.0,35.0
1611,965,1,1,25.0,9.0,25.0
1612,966,1,1,25.0,9.0,25.0
1613,966,4,1,18.0,6.0,18.0
1614,966,3,1,28.0,11.0,28.0
1615,967,2,2,32.0,12.0,64.0
1616,968,6,1,22.0,8.0,22.0
1617,968,4,1,18.0,6.0,18.0
1618,969,6,2,22.0,8.0,44.0
1619,969,3,3,28.0,11.0,84.0
1620,969,4,2,18.0,6.0,36.0
1621,970,1,3,25.0,9.0,75.0
1622,970,4,1,18.0,6.0,18.0
1623,971,3,1,28.0,11.0,28.0
1624,972,1,1,25.0,9.0,25.0
1625,972,3,2,28.0,11.0,56.0
1626,973,3,3,28.0,11.0,84.0
1627,973,1,3,25.0,9.0,75.0
1628,973,6,3,22.0,8.0,66.0
1629,974,4,2,18.0,6.0,36.0
1630,974,1,2,25.0,9.0,50.0
1631,974,5,3,35.0,14.0,105.0
1632,975,1,3,25.0,9.0,75.0
1633,976,5,2,35.0,14.0,70.0
1634,976,4,1,18.0,6.0,18.0
1635,977,2,1,32.0,12.0,32.0
1636,978,4,1,18.0,6.0,18.0
1637,978,3,1,28.0,11.0,28.0
1638,979,6,1,22.0,8.0,22.0
1639,980,4,1,18.0,6.0,18.0
1640,981,6,3,22.0,8.0,66.0
1641,981,3,1,28.0,11.0,28.0
1642,982,1,1,25.0,9.0,25.0
1643,982,3,2,28.0,11.0,56.0
1644,982,5,1,35.0,14.0,35.0
1645,983,5,1,35.0,14.0,35.0
1646,984,3,3,28.0,11.0,84.0
1647,984,4,2,18.0,6.0,36.0
1648,984,5,3,35.0,14.0,105.0
1649,985,2,1,32.0,12.0,32.0
1650,985,4,1,18.0,6.0,18.0
1651,986,3,3,28.0,11.0,84.0
1652,987,1,1,25.0,9.0,25.0
1653,987,6,2,22.0,8.0,44.0
1654,987,3,3,28.0,11.0,84.0
1655,988,5,2,35.0,14.0,70.0
1656,988,3,1,28.0,11.0,28.0
1657,989,3,2,28.0,11.0,56.0
1658,990,6,1,22.0,8.0,22.0
1659,991,3,2,28.0,11.0,56.0
1660,992,5,2,35.0,14.0,70.0
1661,992,6,3,22.0,8.0,66.0
1662,993,6,2,22.0,8.0,44.0
1663,994,6,1,22.0,8.0,22.0
1664,995,4,1,18.0,6.0,18.0
1665,995,1,1,25.0,9.0,25.0
1666,996,4,1,18.0,6.0,18.0
1667,996,2,2,32.0,12.0,64.0
1668,996,6,1,22.0,8.0,22.0
1669,997,6,3,22.0,8.0,66.0
1670,997,4,1,18.0,6.0,18.0
1671,997,5,1,35.0,14.0,35.0
1672,998,1,1,25.0,9.0,25.0
1673,998,2,2,32.0,12.0,64.0
1674,998,4,3,18.0,6.0,54.0
1675,999,1,1,25.0,9.0,25.0
1676,1000,3,1,28.0,11.0,28.0
1677,1001,4,3,18.0,6.0,54.0
1678,1001,1,1,25.0,9.0,25.0
1679,1002,1,1,25.0,9.0,25.0
1680,1003,5,3,35.0,14.0,105.0
1681,1003,4,2,18.0,6.0,36.0
1682,1004,5,2,35.0,14.0,70.0
1683,1004,4,2,18.0,6.0,36.0
1684,1005,5,1,35.0,14.0,35.0
1685,1005,4,3,18.0,6.0,54.0
1686,1006,6,3,22.0,8.0,66.0
1687,1006,3,2,28.0,11.0,56.0
1688,1006,1,2,25.0,9.0,50.0
1689,1007,2,1,32.0,12.0,32.0
1690,1007,5,2,35.0,14.0,70.0
1691,1008,1,4,25.0,9.0,100.0
1692,1008,5,1,35.0,14.0,35.0
1693,1008,2,1,32.0,12.0,32.0
1694,1009,1,1,25.0,9.0,25.0
1695,1010,5,1,35.0,14.0,35.0
1696,1011,3,1,28.0,11.0,28.0
1697,1011,2,2,32.0,12.0,64.0
1698,1012,5,4,35.0,14.0,140.0
1699,1013,2,1,32.0,12.0,32.0
1700,1014,1,2,25.0,9.0,50.0
1701,1014,2,2,32.0,12.0,64.0
1702,1014,5,1,35.0,14.0,35.0
1703,1015,5,1,35.0,14.0,35.0
1704,1016,1,1,25.0,9.0,25.0
1705,1016,3,2,28.0,11.0,56.0
1706,1016,6,2,22.0,8.0,44.0
1707,1017,2,1,32.0,12.0,32.0
1708,1017,6,4,22.0,8.0,88.0
1709,1018,1,3,25.0,9.0,75.0
1710,1018,6,4,22.0,8.0,88.0
1711,1019,4,1,18.0,6.0,18.0
1712,1020,3,1,28.0,11.0,28.0
1713,1020,1,1,25.0,9.0,25.0
1714,1021,2,2,32.0,12.0,64.0
1715,1022,3,2,28.0,11.0,56.0
1716,1022,6,4,22.0,8.0,88.0
1717,1023,2,1,32.0,12.0,32.0
1718,1024,1,2,25.0,9.0,50.0
1719,1025,6,2,22.0,8.0,44.0
1720,1026,6,3,22.0,8.0,66.0
1721,1026,1,3,25.0,9.0,75.0
1722,1026,5,1,35.0,14.0,35.0
1723,1027,4,3,18.0,6.0,54.0
1724,1027,2,3,32.0,12.0,96.0
1725,1028,2,2,32.0,12.0,64.0
1726,1029,1,3,25.0,9.0,75.0
1727,1030,4,4,18.0,6.0,72.0
1728,1031,2,1,32.0,12.0,32.0
1729,1031,1,3,25.0,9.0,75.0
1730,1032,5,1,35.0,14.0,35.0
1731,1033,1,1,25.0,9.0,25.0
1732,1033,5,1,35.0,14.0,35.0
1733,1034,6,3,22.0,8.0,66.0
1734,1034,3,1,28.0,11.0,28.0
1735,1034,2,4,32.0,12.0,128.0
1736,1035,6,3,22.0,8.0,66.0
1737,1036,4,1,18.0,6.0,18.0
1738,1036,3,1,28.0,11.0,28.0
1739,1037,2,3,32.0,12.0,96.0
1740,1037,1,1,25.0,9.0,25.0
1741,1037,3,1,28.0,11.0,28.0
1742,1038,6,4,22.0,8.0,88.0
1743,1038,2,1,32.0,12.0,32.0
1744,1039,6,2,22.0,8.0,44.0
1745,1040,6,3,22.0,8.0,66.0
1746,1040,3,1,28.0,11.0,28.0
1747,1041,3,1,28.0,11.0,28.0
1748,1042,1,2,25.0,9.0,50.0
1749,1042,4,1,18.0,6.0,18.0
1750,1043,6,1,22.0,8.0,22.0
1751,1043,1,3,25.0,9.0,75.0
1752,1043,2,1,32.0,12.0,32.0
1753,1044,1,1,25.0,9.0,25.0
1754,1045,5,2,35.0,14.0,70.0
1755,1046,3,1,28.0,11.0,28.0
1756,1046,1,1,25.0,9.0,25.0
1757,1047,5,3,35.0,14.0,105.0
1758,1047,2,1,32.0,12.0,32.0
1759,1048,2,1,32.0,12.0,32.0
1760,1048,6,1,22.0,8.0,22.0
1761,1049,3,1,28.0,11.0,28.0
1762,1049,6,1,22.0,8.0,22.0
1763,1049,2,1,32.0,12.0,32.0
1764,1050,2,1,32.0,12.0,32.0
1765,1050,1,3,25.0,9.0,75.0
1766,1051,6,1,22.0,8.0,22.0
1767,1051,2,2,32.0,12.0,64.0
1768,1051,1,2,25.0,9.0,50.0
1769,1052,3,1,28.0,11.0,28.0
1770,1052,5,1,35.0,14.0,35.0
1771,1053,2,3,32.0,12.0,96.0
1772,1054,2,2,32.0,12.0,64.0
1773,1054,4,4,18.0,6.0,72.0
1774,1055,1,1,25.0,9.0,25.0
1775,1056,5,3,35.0,14.0,105.0
1776,1057,2,3,32.0,12.0,96.0
1777,1058,2,1,32.0,12.0,32.0
1778,1059,2,2,32.0,12.0,64.0
1779,1059,4,3,18.0,6.0,54.0
1780,1060,3,2,28.0,11.0,56.0
1781,1061,6,1,22.0,8.0,22.0
1782,1061,1,3,25.0,9.0,75.0
1783,1061,5,2,35.0,14.0,70.0
1784,1062,6,3,22.0,8.0,66.0
1785,1062,2,2,32.0,12.0,64.0
1786,1063,2,1,32.0,12.0,32.0
1787,1064,5,1,35.0,14.0,35.0
1788,1064,4,1,18.0,6.0,18.0
1789,1065,4,2,18.0,6.0,36.0
1790,1066,5,2,35.0,14.0,70.0
1791,1066,4,1,18.0,6.0,18.0
1792,1067,6,1,22.0,8.0,22.0
1793,1067,1,3,25.0,9.0,75.0
1794,1068,4,2,18.0,6.0,36.0
1795,1069,1,1,25.0,9.0,25.0
1796,1070,5,1,35.0,14.0,35.0
1797,1071,3,1,28.0,11.0,28.0
1798,1071,6,1,22.0,8.0,22.0
1799,1072,3,2,28.0,11.0,56.0
1800,1072,5,3,35.0,14.0,105.0
1801,1072,1,1,25.0,9.0,25.0
1802,1073,3,1,28.0,11.0,28.0
1803,1074,6,2,22.0,8.0,44.0
1804,1075,3,1,28.0,11.0,28.0
1805,1076,5,2,35.0,14.0,70.0
1806,1077,2,1,32.0,12.0,32.0
1807,1077,4,2,18.0,6.0,36.0
1808,1078,4,1,18.0,6.0,18.0
1809,1078,6,1,22.0,8.0,22.0
1810,1079,2,1,32.0,12.0,32.0
1811,1079,4,2,18.0,6.0,36.0
1812,1080,6,1,22.0,8.0,22.0
1813,1081,4,2,18.0,6.0,36.0
1814,1082,5,1,35.0,14.0,35.0
1815,1083,3,4,28.0,11.0,112.0
1816,1083,5,1,35.0,14.0,35.0
1817,1083,4,1,18.0,6.0,18.0
1818,1084,4,1,18.0,6.0,18.0
1819,1084,3,1,28.0,11.0,28.0
1820,1085,1,1,25.0,9.0,25.0
1821,1085,2,3,32.0,12.0,96.0
1822,1086,4,1,18.0,6.0,18.0
1823,1086,1,1,25.0,9.0,25.0
1824,1087,1,1,25.0,9.0,25.0
1825,1088,2,1,32.0,12.0,32.0
1826,1088,6,3,22.0,8.0,66.0
1827,1088,5,2,35.0,14.0,70.0
1828,1089,6,2,22.0,8.0,44.0
1829,1090,4,2,18.0,6.0,36.0
1830,1091,4,2,18.0,6.0,36.0
1831,1091,6,1,22.0,8.0,22.0
1832,1091,1,3,25.0,9.0,75.0
1833,1092,5,3,35.0,14.0,105.0
1834,1093,2,1,32.0,12.0,32.0
1835,1093,5,3,35.0,14.0,105.0
1836,1093,1,1,25.0,9.0,25.0
1837,1094,1,3,25.0,9.0,75.0
1838,1094,2,1,32.0,12.0,32.0
1839,1095,3,1,28.0,11.0,28.0
1840,1096,1,2,25.0,9.0,50.0
1841,1097,2,1,32.0,12.0,32.0
1842,1097,4,1,18.0,6.0,18.0
1843,1098,4,1,18.0,6.0,18.0
1844,1098,6,1,22.0,8.0,22.0
1845,1099,3,3,28.0,11.0,84.0
1846,1100,1,1,25.0,9.0,25.0
1847,1101,3,1,28.0,11.0,28.0
1848,1102,5,2,35.0,14.0,70.0
1849,1102,2,3,32.0,12.0,96.0
1850,1102,4,3,18.0,6.0,54.0
1851,1103,3,1,28.0,11.0,28.0
1852,1104,2,3,32.0,12.0,96.0
1853,1104,3,1,28.0,11.0,28.0
1854,1105,1,2,25.0,9.0,50.0
1855,1106,5,1,35.0,14.0,35.0
1856,1107,5,3,35.0,14.0,105.0
1857,1107,4,1,18.0,6.0,18.0
1858,1108,3,1,28.0,11.0,28.0
1859,1109,6,1,22.0,8.0,22.0
1860,1109,5,1,35.0,14.0,35.0
1861,1110,1,2,25.0,9.0,50.0
1862,1111,1,2,25.0,9.0,50.0
1863,1112,6,1,22.0,8.0,22.0
1864,1112,2,2,32.0,12.0,64.0
1865,1112,3,2,28.0,11.0,56.0
1866,1113,4,1,18.0,6.0,18.0
1867,1113,6,2,22.0,8.0,44.0
1868,1113,2,1,32.0,12.0,32.0
1869,1114,6,1,22.0,8.0,22.0
1870,1115,2,2,32.0,12.0,64.0
1871,1116,6,1,22.0,8.0,22.0
1872,1116,3,2,28.0,11.0,56.0
1873,1116,2,2,32.0,12.0,64.0
1874,1117,1,1,25.0,9.0,25.0
1875,1118,6,3,22.0,8.0,66.0
1876,1118,2,2,32.0,12.0,64.0
1877,1119,6,1,22.0,8.0,22.0
1878,1120,2,3,32.0,12.0,96.0
1879,1121,2,1,32.0,12.0,32.0
1880,1121,6,1,22.0,8.0,22.0
1881,1122,2,2,32.0,12.0,64.0
1882,1123,3,1,28.0,11.0,28.0
1883,1123,4,4,18.0,6.0,72.0
1884,1124,5,2,35.0,14.0,70.0
1885,1125,4,1,18.0,6.0,18.0
1886,1126,2,2,32.0,12.0,64.0
1887,1126,5,1,35.0,14.0,35.0
1888,1127,4,1,18.0,6.0,18.0
1889,1127,1,2,25.0,9.0,50.0
1890,1128,4,3,18.0,6.0,54.0
1891,1128,6,3,22.0,8.0,66.0
1892,1129,1,4,25.0,9.0,100.0
1893,1129,4,1,18.0,6.0,18.0
1894,1129,6,3,22.0,8.0,66.0
1895,1130,6,1,22.0,8.0,22.0
1896,1130,3,1,28.0,11.0,28.0
1897,1131,4,2,18.0,6.0,36.0
1898,1132,6,2,22.0,8.0,44.0
1899,1133,6,1,22.0,8.0,22.0
1900,1133,2,2,32.0,12.0,64.0
1901,1134,6,1,22.0,8.0,22.0
1902,1134,4,2,18.0,6.0,36.0
1903,1135,2,2,32.0,12.0,64.0
1904,1135,4,1,18.0,6.0,18.0
1905,1135,3,1,28.0,11.0,28.0
1906,1136,6,2,22.0,8.0,44.0
1907,1136,1,2,25.0,9.0,50.0
1908,1136,5,1,35.0,14.0,35.0
1909,1137,3,1,28.0,11.0,28.0
1910,1138,6,1,22.0,8.0,22.0
1911,1139,3,1,28.0,11.0,28.0
1912,1140,4,1,18.0,6.0,18.0
1913,1140,5,1,35.0,14.0,35.0
1914,1140,2,1,32.0,12.0,32.0
1915,1141,4,3,18.0,6.0,54.0
1916,1141,5,1,35.0,14.0,35.0
1917,1141,1,1,25.0,9.0,25.0
1918,1142,4,2,18.0,6.0,36.0
1919,1142,6,1,22.0,8.0,22.0
1920,1143,1,1,25.0,9.0,25.0
1921,1143,6,2,22.0,8.0,44.0
1922,1144,4,2,18.0,6.0,36.0
1923,1144,6,2,22.0,8.0,44.0
1924,1145,2,1,32.0,12.0,32.0
1925,1145,3,1,28.0,11.0,28.0
1926,1145,4,1,18.0,6.0,18.0
1927,1146,2,2,32.0,12.0,64.0
1928,1146,1,3,25.0,9.0,75.0
1929,1147,6,2,22.0,8.0,44.0
1930,1148,6,4,22.0,8.0,88.0
1931,1149,6,1,22.0,8.0,22.0
1932,1149,3,1,28.0,11.0,28.0
1933,1149,4,2,18.0,6.0,36.0
1934,1150,4,1,18.0,6.0,18.0
1935,1150,1,1,25.0,9.0,25.0
1936,1150,6,1,22.0,8.0,22.0
1937,1151,1,1,25.0,9.0,25.0
1938,1151,2,1,32.0,12.0,32.0
1939,1152,2,1,32.0,12.0,32.0
1940,1152,4,1,18.0,6.0,18.0
1941,1152,1,1,25.0,9.0,25.0
1942,1153,4,4,18.0,6.0,72.0
1943,1154,3,2,28.0,11.0,56.0
1944,1154,2,4,32.0,12.0,128.0
1945,1154,6,2,22.0,8.0,44.0
1946,1155,6,1,22.0,8.0,22.0
1947,1156,6,1,22.0,8.0,22.0
1948,1156,3,2,28.0,11.0,56.0
1949,1157,4,1,18.0,6.0,18.0
1950,1157,2,1,32.0,12.0,32.0
1951,1158,2,2,32.0,12.0,64.0
1952,1158,1,1,25.0,9.0,25.0
1953,1159,4,1,18.0,6.0,18.0
1954,1159,6,1,22.0,8.0,22.0
1955,1160,5,1,35.0,14.0,35.0
1956,1160,2,1,32.0,12.0,32.0
1957,1161,2,1,32.0,12.0,32.0
1958,1161,4,1,18.0,6.0,18.0
1959,1161,5,2,35.0,14.0,70.0
1960,1162,1,2,25.0,9.0,50.0
1961,1162,3,1,28.0,11.0,28.0
1962,1162,4,1,18.0,6.0,18.0
1963,1163,6,1,22.0,8.0,22.0
1964,1164,2,2,32.0,12.0,64.0
1965,1164,4,1,18.0,6.0,18.0
1966,1165,5,1,35.0,14.0,35.0
1967,1165,4,1,18.0,6.0,18.0
1968,1165,3,1,28.0,11.0,28.0
1969,1166,6,3,22.0,8.0,66.0
1970,1167,5,3,35.0,14.0,105.0
1971,1168,5,1,35.0,14.0,35.0
1972,1168,2,1,32.0,12.0,32.0
1973,1169,6,1,22.0,8.0,22.0
1974,1169,1,3,25.0,9.0,75.0
1975,1170,4,2,18.0,6.0,36.0
1976,1171,2,4,32.0,12.0,128.0
1977,1171,1,2,25.0,9.0,50.0
1978,1171,5,2,35.0,14.0,70.0
1979,1172,5,4,35.0,14.0,140.0
1980,1173,6,2,22.0,8.0,44.0
1981,1173,1,3,25.0,9.0,75.0
1982,1174,1,1,25.0,9.0,25.0
1983,1175,1,2,25.0,9.0,50.0
1984,1175,5,2,35.0,14.0,70.0
1985,1176,4,4,18.0,6.0,72.0
1986,1177,1,2,25.0,9.0,50.0
1987,1178,1,2,25.0,9.0,50.0
1988,1178,4,1,18.0,6.0,18.0
1989,1179,5,2,35.0,14.0,70.0
1990,1179,1,1,25.0,9.0,25.0
1991,1180,2,2,32.0,12.0,64.0
1992,1180,1,3,25.0,9.0,75.0
1993,1181,5,1,35.0,14.0,35.0
1994,1182,3,1,28.0,11.0,28.0
1995,1182,5,4,35.0,14.0,140.0
1996,1183,3,1,28.0,11.0,28.0
1997,1183,5,1,35.0,14.0,35.0
1998,1183,4,1,18.0,6.0,18.0
1999,1184,1,1,25.0,9.0,25.0
2000,1185,2,2,32.0,12.0,64.0
2001,1186,4,1,18.0,6.0,18.0
2002,1186,1,1,25.0,9.0,25.0
2003,1187,3,2,28.0,11.0,56.0
2004,1188,3,2,28.0,11.0,56.0
2005,1188,2,2,32.0,12.0,64.0
2006,1189,3,1,28.0,11.0,28.0
2007,1189,4,4,18.0,6.0,72.0
2008,1190,5,1,35.0,14.0,35.0
2009,1191,3,1,28.0,11.0,28.0
2010,1192,2,1,32.0,12.0,32.0
2011,1193,3,3,28.0,11.0,84.0
2012,1193,5,1,35.0,14.0,35.0
2013,1194,5,3,35.0,14.0,105.0
2014,1194,1,1,25.0,9.0,25.0
2015,1195,5,1,35.0,14.0,35.0
2016,1195,6,1,22.0,8.0,22.0
2017,1195,4,1,18.0,6.0,18.0
2018,1196,5,2,35.0,14.0,70.0
2019,1197,2,2,32.0,12.0,64.0
2020,1198,4,1,18.0,6.0,18.0
2021,1198,5,1,35.0,14.0,35.0
2022,1198,3,3,28.0,11.0,84.0
2023,1199,3,3,28.0,11.0,84.0
2024,1200,2,1,32.0,12.0,32.0
2025,1200,5,1,35.0,14.0,35.0
2026,1200,1,3,25.0,9.0,75.0
2027,1201,4,1,18.0,6.0,18.0
2028,1202,5,1,35.0,14.0,35.0
2029,1203,6,2,22.0,8.0,44.0
2030,1204,5,2,35.0,14.0,70.0
2031,1204,1,4,25.0,9.0,100.0
2032,1205,1,1,25.0,9.0,25.0
2033,1206,4,1,18.0,6.0,18.0
2034,1207,1,1,25.0,9.0,25.0
2035,1207,3,1,28.0,11.0,28.0
2036,1208,3,3,28.0,11.0,84.0
2037,1209,5,1,35.0,14.0,35.0
2038,1209,4,2,18.0,6.0,36.0
2039,1209,1,1,25.0,9.0,25.0
2040,1210,4,1,18.0,6.0,18.0
2041,1210,3,1,28.0,11.0,28.0
2042,1211,1,3,25.0,9.0,75.0
2043,1212,4,1,18.0,6.0,18.0
2044,1213,1,2,25.0,9.0,50.0
2045,1213,4,1,18.0,6.0,18.0
2046,1214,6,1,22.0,8.0,22.0
2047,1215,3,3,28.0,11.0,84.0
2048,1216,3,1,28.0,11.0,28.0
2049,1216,1,1,25.0,9.0,25.0
2050,1216,4,2,18.0,6.0,36.0
2051,1217,5,1,35.0,14.0,35.0
2052,1217,4,1,18.0,6.0,18.0
2053,1217,2,1,32.0,12.0,32.0
2054,1218,1,1,25.0,9.0,25.0
2055,1218,3,2,28.0,11.0,56.0
2056,1219,2,2,32.0,12.0,64.0
2057,1220,6,1,22.0,8.0,22.0
2058,1220,2,2,32.0,12.0,64.0
2059,1220,4,3,18.0,6.0,54.0
2060,1221,5,1,35.0,14.0,35.0
2061,1221,2,1,32.0,12.0,32.0
2062,1221,6,1,22.0,8.0,22.0
2063,1222,1,1,25.0,9.0,25.0
2064,1222,6,1,22.0,8.0,22.0
2065,1223,4,1,18.0,6.0,18.0
2066,1224,3,3,28.0,11.0,84.0
2067,1225,1,1,25.0,9.0,25.0
2068,1226,5,1,35.0,14.0,35.0
2069,1227,1,1,25.0,9.0,25.0
2070,1228,3,2,28.0,11.0,56.0
2071,1229,2,1,32.0,12.0,32.0
2072,1229,3,1,28.0,11.0,28.0
2073,1230,1,4,25.0,9.0,100.0
2074,1230,5,3,35.0,14.0,105.0
2075,1231,5,2,35.0,14.0,70.0
2076,1232,6,1,22.0,8.0,22.0
2077,1233,5,4,35.0,14.0,140.0
2078,1234,4,1,18.0,6.0,18.0
2079,1235,3,2,28.0,11.0,56.0
2080,1236,6,1,22.0,8.0,22.0
2081,1237,1,2,25.0,9.0,50.0
2082,1237,2,1,32.0,12.0,32.0
2083,1237,4,2,18.0,6.0,36.0
2084,1238,5,1,35.0,14.0,35.0
2085,1238,4,2,18.0,6.0,36.0
2086,1239,5,1,35.0,14.0,35.0
2087,1239,1,1,25.0,9.0,25.0
2088,1240,3,3,28.0,11.0,84.0
2089,1240,2,1,32.0,12.0,32.0
2090,1240,6,4,22.0,8.0,88.0
2091,1241,3,1,28.0,11.0,28.0
2092,1241,6,2,22.0,8.0,44.0
2093,1242,3,2,28.0,11.0,56.0
2094,1242,6,1,22.0,8.0,22.0
2095,1242,1,1,25.0,9.0,25.0
2096,1243,5,2,35.0,14.0,70.0
2097,1243,1,2,25.0,9.0,50.0
2098,1244,4,1,18.0,6.0,18.0
2099,1244,2,1,32.0,12.0,32.0
2100,1245,2,2,32.0,12.0,64.0
2101,1246,2,1,32.0,12.0,32.0
2102,1247,6,1,22.0,8.0,22.0
2103,1248,4,2,18.0,6.0,36.0
2104,1249,6,4,22.0,8.0,88.0
2105,1250,1,1,25.0,9.0,25.0
2106,1250,5,1,35.0,14.0,35.0
2107,1251,1,1,25.0,9.0,25.0
2108,1251,2,1,32.0,12.0,32.0
2109,1252,5,3,35.0,14.0,105.0
2110,1252,3,1,28.0,11.0,28.0
2111,1253,3,1,28.0,11.0,28.0
2112,1253,6,1,22.0,8.0,22.0
2113,1254,1,1,25.0,9.0,25.0
2114,1255,1,3,25.0,9.0,75.0
2115,1256,3,1,28.0,11.0,28.0
2116,1257,1,1,25.0,9.0,25.0
2117,1257,4,1,18.0,6.0,18.0
2118,1258,3,1,28.0,11.0,28.0
2119,1259,2,1,32.0,12.0,32.0
2120,1260,6,2,22.0,8.0,44.0
2121,1261,4,2,18.0,6.0,36.0
2122,1262,1,2,25.0,9.0,50.0
2123,1262,2,1,32.0,12.0,32.0
2124,1263,4,1,18.0,6.0,18.0
2125,1263,1,1,25.0,9.0,25.0
2126,1264,2,1,32.0,12.0,32.0
2127,1264,4,1,18.0,6.0,18.0
2128,1264,3,2,28.0,11.0,56.0
2129,1265,6,1,22.0,8.0,22.0
2130,1265,2,1,32.0,12.0,32.0
2131,1266,4,2,18.0,6.0,36.0
2132,1266,1,1,25.0,9.0,25.0
2133,1267,1,1,25.0,9.0,25.0
2134,1268,4,4,18.0,6.0,72.0
2135,1269,2,1,32.0,12.0,32.0
2136,1270,4,3,18.0,6.0,54.0
2137,1270,2,1,32.0,12.0,32.0
2138,1270,5,1,35.0,14.0,35.0
2139,1271,4,1,18.0,6.0,18.0
2140,1271,3,1,28.0,11.0,28.0
2141,1272,1,1,25.0,9.0,25.0
2142,1273,2,1,32.0,12.0,32.0
2143,1274,4,2,18.0,6.0,36.0
2144,1275,2,1,32.0,12.0,32.0
2145,1276,1,3,25.0,9.0,75.0
2146,1276,4,2,18.0,6.0,36.0
2147,1277,3,1,28.0,11.0,28.0
2148,1277,2,1,32.0,12.0,32.0
2149,1278,2,1,32.0,12.0,32.0
2150,1279,5,3,35.0,14.0,105.0
2151,1279,6,3,22.0,8.0,66.0
2152,1280,2,3,32.0,12.0,96.0
2153,1280,1,2,25.0,9.0,50.0
2154,1281,3,1,28.0,11.0,28.0
2155,1281,1,1,25.0,9.0,25.0
2156,1282,3,2,28.0,11.0,56.0
2157,1282,2,2,32.0,12.0,64.0
2158,1283,5,1,35.0,14.0,35.0
2159,1283,4,1,18.0,6.0,18.0
2160,1284,4,1,18.0,6.0,18.0
2161,1285,4,3,18.0,6.0,54.0
2162,1286,5,2,35.0,14.0,70.0
2163,1287,2,2,32.0,12.0,64.0
2164,1288,2,2,32.0,12.0,64.0
2165,1288,6,1,22.0,8.0,22.0
2166,1289,3,2,28.0,11.0,56.0
2167,1289,4,1,18.0,6.0,18.0
2168,1290,6,2,22.0,8.0,44.0
2169,1291,2,2,32.0,12.0,64.0
2170,1291,5,1,35.0,14.0,35.0
2171,1292,1,1,25.0,9.0,25.0
2172,1293,3,2,28.0,11.0,56.0
2173,1294,3,4,28.0,11.0,112.0
2174,1294,4,2,18.0,6.0,36.0
2175,1295,4,3,18.0,6.0,54.0
2176,1295,1,1,25.0,9.0,25.0
2177,1295,3,3,28.0,11.0,84.0
2178,1296,3,1,28.0,11.0,28.0
2179,1296,6,1,22.0,8.0,22.0
2180,1297,5,2,35.0,14.0,70.0
2181,1297,1,1,25.0,9.0,25.0
2182,1298,4,1,18.0,6.0,18.0
2183,1299,6,1,22.0,8.0,22.0
2184,1299,1,2,25.0,9.0,50.0
2185,1299,3,3,28.0,11.0,84.0
2186,1300,4,1,18.0,6.0,18.0
2187,1300,6,1,22.0,8.0,22.0
2188,1300,2,1,32.0,12.0,32.0
2189,1301,3,1,28.0,11.0,28.0
2190,1302,3,1,28.0,11.0,28.0
2191,1302,5,2,35.0,14.0,70.0
2192,1303,2,3,32.0,12.0,96.0
2193,1304,1,1,25.0,9.0,25.0
2194,1304,2,1,32.0,12.0,32.0
2195,1305,2,2,32.0,12.0,64.0
2196,1306,4,1,18.0,6.0,18.0
2197,1306,3,1,28.0,11.0,28.0
2198,1306,5,1,35.0,14.0,35.0
2199,1307,4,3,18.0,6.0,54.0
2200,1307,3,2,28.0,11.0,56.0
2201,1307,6,3,22.0,8.0,66.0
2202,1308,6,4,22.0,8.0,88.0
2203,1309,2,3,32.0,12.0,96.0
2204,1310,6,1,22.0,8.0,22.0
2205,1311,2,1,32.0,12.0,32.0
2206,1311,4,2,18.0,6.0,36.0
2207,1311,1,1,25.0,9.0,25.0
2208,1312,3,1,28.0,11.0,28.0
2209,1313,3,1,28.0,11.0,28.0
2210,1314,4,2,18.0,6.0,36.0
2211,1315,4,4,18.0,6.0,72.0
2212,1315,5,1,35.0,14.0,35.0
2213,1316,5,1,35.0,14.0,35.0
2214,1316,4,3,18.0,6.0,54.0
2215,1317,1,3,25.0,9.0,75.0
2216,1317,6,1,22.0,8.0,22.0
2217,1318,6,2,22.0,8.0,44.0
2218,1319,1,3,25.0,9.0,75.0
2219,1319,3,1,28.0,11.0,28.0
2220,1320,4,1,18.0,6.0,18.0
2221,1320,6,1,22.0,8.0,22.0
2222,1320,5,1,35.0,14.0,35.0
2223,1321,4,2,18.0,6.0,36.0
2224,1322,2,2,32.0,12.0,64.0
2225,1323,3,4,28.0,11.0,112.0
2226,1323,2,4,32.0,12.0,128.0
2227,1324,1,1,25.0,9.0,25.0
2228,1324,5,3,35.0,14.0,105.0
2229,1325,4,1,18.0,6.0,18.0
2230,1325,2,3,32.0,12.0,96.0
2231,1326,6,3,22.0,8.0,66.0
2232,1326,3,1,28.0,11.0,28.0
2233,1327,6,2,22.0,8.0,44.0
2234,1328,1,1,25.0,9.0,25.0
2235,1328,5,2,35.0,14.0,70.0
2236,1328,4,4,18.0,6.0,72.0
2237,1329,2,1,32.0,12.0,32.0
2238,1329,3,3,28.0,11.0,84.0
2239,1330,1,1,25.0,9.0,25.0
2240,1331,1,3,25.0,9.0,75.0
2241,1331,6,1,22.0,8.0,22.0
2242,1331,4,1,18.0,6.0,18.0
2243,1332,2,1,32.0,12.0,32.0
2244,1332,4,2,18.0,6.0,36.0
2245,1333,6,1,22.0,8.0,22.0
2246,1334,2,1,32.0,12.0,32.0
2247,1334,3,1,28.0,11.0,28.0
2248,1335,5,2,35.0,14.0,70.0
2249,1336,2,1,32.0,12.0,32.0
2250,1336,5,1,35.0,14.0,35.0
2251,1336,1,2,25.0,9.0,50.0
2252,1337,2,1,32.0,12.0,32.0
2253,1338,2,4,32.0,12.0,128.0
2254,1339,4,1,18.0,6.0,18.0
2255,1339,6,1,22.0,8.0,22.0
2256,1340,6,4,22.0,8.0,88.0
2257,1340,3,1,28.0,11.0,28.0
2258,1341,4,1,18.0,6.0,18.0
2259,1341,6,2,22.0,8.0,44.0
2260,1342,2,2,32.0,12.0,64.0
2261,1343,1,4,25.0,9.0,100.0
2262,1344,6,1,22.0,8.0,22.0
2263,1344,5,1,35.0,14.0,35.0
2264,1345,2,1,32.0,12.0,32.0
2265,1346,1,1,25.0,9.0,25.0
2266,1347,3,2,28.0,11.0,56.0
2267,1347,2,1,32.0,12.0,32.0
2268,1348,6,2,22.0,8.0,44.0
2269,1348,1,1,25.0,9.0,25.0
2270,1348,4,3,18.0,6.0,54.0
2271,1349,3,1,28.0,11.0,28.0
2272,1350,2,1,32.0,12.0,32.0
2273,1350,5,1,35.0,14.0,35.0
2274,1351,3,1,28.0,11.0,28.0
2275,1351,2,1,32.0,12.0,32.0
2276,1351,4,1,18.0,6.0,18.0
2277,1352,4,2,18.0,6.0,36.0
2278,1353,3,1,28.0,11.0,28.0
2279,1354,6,4,22.0,8.0,88.0
2280,1355,2,1,32.0,12.0,32.0
2281,1356,6,1,22.0,8.0,22.0
2282,1356,4,1,18.0,6.0,18.0
2283,1356,2,3,32.0,12.0,96.0
2284,1357,1,1,25.0,9.0,25.0
2285,1357,3,3,28.0,11.0,84.0
2286,1357,6,1,22.0,8.0,22.0
2287,1358,2,3,32.0,12.0,96.0
2288,1359,5,2,35.0,14.0,70.0
2289,1359,4,1,18.0,6.0,18.0
2290,1359,6,1,22.0,8.0,22.0
2291,1360,4,1,18.0,6.0,18.0
2292,1360,2,2,32.0,12.0,64.0
2293,1361,2,1,32.0,12.0,32.0
2294,1361,1,1,25.0,9.0,25.0
2295,1362,2,1,32.0,12.0,32.0
2296,1362,4,1,18.0,6.0,18.0
2297,1363,3,2,28.0,11.0,56.0
2298,1364,2,4,32.0,12.0,128.0
2299,1364,3,3,28.0,11.0,84.0
2300,1364,4,1,18.0,6.0,18.0
2301,1365,5,1,35.0,14.0,35.0
2302,1365,1,3,25.0,9.0,75.0
2303,1366,1,1,25.0,9.0,25.0
2304,1367,1,1,25.0,9.0,25.0
2305,1367,3,1,28.0,11.0,28.0
2306,1367,4,1,18.0,6.0,18.0
2307,1368,6,1,22.0,8.0,22.0
2308,1369,5,1,35.0,14.0,35.0
2309,1370,6,4,22.0,8.0,88.0
2310,1370,2,1,32.0,12.0,32.0
2311,1371,1,1,25.0,9.0,25.0
2312,1372,1,1,25.0,9.0,25.0
2313,1373,2,1,32.0,12.0,32.0
2314,1374,2,1,32.0,12.0,32.0
2315,1375,6,1,22.0,8.0,22.0
2316,1376,6,1,22.0,8.0,22.0
2317,1376,4,1,18.0,6.0,18.0
2318,1376,5,1,35.0,14.0,35.0
2319,1377,3,4,28.0,11.0,112.0
2320,1378,1,2,25.0,9.0,50.0
2321,1379,2,2,32.0,12.0,64.0
2322,1380,6,1,22.0,8.0,22.0
2323,1381,1,3,25.0,9.0,75.0
2324,1382,5,1,35.0,14.0,35.0
2325,1382,4,2,18.0,6.0,36.0
2326,1383,2,2,32.0,12.0,64.0
2327,1384,6,1,22.0,8.0,22.0
2328,1384,4,2,18.0,6.0,36.0
2329,1385,3,3,28.0,11.0,84.0
2330,1386,5,3,35.0,14.0,105.0
2331,1386,2,1,32.0,12.0,32.0
2332,1386,3,1,28.0,11.0,28.0
2333,1387,5,1,35.0,14.0,35.0
2334,1388,5,1,35.0,14.0,35.0
2335,1388,3,4,28.0,11.0,112.0
2336,1389,6,1,22.0,8.0,22.0
2337,1389,2,1,32.0,12.0,32.0
2338,1390,5,1,35.0,14.0,35.0
2339,1391,1,1,25.0,9.0,25.0
2340,1391,6,1,22.0,8.0,22.0
2341,1392,5,2,35.0,14.0,70.0
2342,1392,2,1,32.0,12.0,32.0
2343,1392,1,2,25.0,9.0,50.0
2344,1393,3,1,28.0,11.0,28.0
2345,1394,1,2,25.0,9.0,50.0
2346,1394,3,1,28.0,11.0,28.0
2347,1394,5,1,35.0,14.0,35.0
2348,1395,2,1,32.0,12.0,32.0
2349,1396,6,1,22.0,8.0,22.0
2350,1396,4,1,18.0,6.0,18.0
2351,1397,6,1,22.0,8.0,22.0
2352,1397,3,2,28.0,11.0,56.0
2353,1398,4,1,18.0,6.0,18.0
2354,1399,2,2,32.0,12.0,64.0
2355,1400,5,1,35.0,14.0,35.0
2356,1401,2,2,32.0,12.0,64.0
2357,1401,4,1,18.0,6.0,18.0
2358,1402,1,1,25.0,9.0,25.0
2359,1403,5,2,35.0,14.0,70.0
2360,1403,4,3,18.0,6.0,54.0
2361,1404,6,1,22.0,8.0,22.0
2362,1404,2,2,32.0,12.0,64.0
2363,1405,2,2,32.0,12.0,64.0
2364,1405,3,2,28.0,11.0,56.0
2365,1406,1,1,25.0,9.0,25.0
2366,1406,5,1,35.0,14.0,35.0
2367,1407,1,1,25.0,9.0,25.0
2368,1408,5,3,35.0,14.0,105.0
2369,1408,3,2,28.0,11.0,56.0
2370,1409,2,3,32.0,12.0,96.0
2371,1410,2,1,32.0,12.0,32.0
2372,1410,4,1,18.0,6.0,18.0
2373,1411,4,2,18.0,6.0,36.0
2374,1411,6,1,22.0,8.0,22.0
2375,1412,1,2,25.0,9.0,50.0
2376,1413,6,1,22.0,8.0,22.0
2377,1413,5,3,35.0,14.0,105.0
2378,1414,2,1,32.0,12.0,32.0
2379,1415,5,1,35.0,14.0,35.0
2380,1415,4,1,18.0,6.0,18.0
2381,1415,1,2,25.0,9.0,50.0
2382,1416,6,1,22.0,8.0,22.0
2383,1417,4,2,18.0,6.0,36.0
2384,1418,5,1,35.0,14.0,35.0
2385,1418,3,1,28.0,11.0,28.0
2386,1419,1,1,25.0,9.0,25.0
2387,1420,6,1,22.0,8.0,22.0
